-- MySQL dump 10.13  Distrib 8.0.19, for Win64 (x86_64)
--
-- Host: localhost    Database: mycoffee
-- ------------------------------------------------------
-- Server version	9.2.0

/*!40101 SET @OLD_CHARACTER_SET_CLIENT=@@CHARACTER_SET_CLIENT */;
/*!40101 SET @OLD_CHARACTER_SET_RESULTS=@@CHARACTER_SET_RESULTS */;
/*!40101 SET @OLD_COLLATION_CONNECTION=@@COLLATION_CONNECTION */;
/*!50503 SET NAMES utf8mb4 */;
/*!40103 SET @OLD_TIME_ZONE=@@TIME_ZONE */;
/*!40103 SET TIME_ZONE='+00:00' */;
/*!40014 SET @OLD_UNIQUE_CHECKS=@@UNIQUE_CHECKS, UNIQUE_CHECKS=0 */;
/*!40014 SET @OLD_FOREIGN_KEY_CHECKS=@@FOREIGN_KEY_CHECKS, FOREIGN_KEY_CHECKS=0 */;
/*!40101 SET @OLD_SQL_MODE=@@SQL_MODE, SQL_MODE='NO_AUTO_VALUE_ON_ZERO' */;
/*!40111 SET @OLD_SQL_NOTES=@@SQL_NOTES, SQL_NOTES=0 */;

--
-- Table structure for table `category`
--

DROP TABLE IF EXISTS `category`;
/*!40101 SET @saved_cs_client     = @@character_set_client */;
/*!50503 SET character_set_client = utf8mb4 */;
CREATE TABLE `category` (
  `id` int NOT NULL AUTO_INCREMENT,
  `name` varchar(120) CHARACTER SET utf8mb4 COLLATE utf8mb4_general_ci NOT NULL,
  `description` varchar(120) CHARACTER SET utf8mb4 COLLATE utf8mb4_general_ci DEFAULT NULL,
  `status` tinyint(1) DEFAULT '1',
  `create_at` timestamp NULL DEFAULT CURRENT_TIMESTAMP,
  `create_by` varchar(255) CHARACTER SET utf8mb4 COLLATE utf8mb4_general_ci DEFAULT NULL,
  `parent_id` int NOT NULL,
  PRIMARY KEY (`id`)
) ENGINE=InnoDB AUTO_INCREMENT=58 DEFAULT CHARSET=utf8mb4 COLLATE=utf8mb4_general_ci;
/*!40101 SET character_set_client = @saved_cs_client */;

--
-- Dumping data for table `category`
--

LOCK TABLES `category` WRITE;
/*!40000 ALTER TABLE `category` DISABLE KEYS */;
INSERT INTO `category` VALUES (14,'Hot Drink','Hot Drink',1,'2025-04-03 14:41:54',NULL,0),(17,'Could Drink','Could Drink',1,'2025-04-16 15:14:16',NULL,0),(19,'Soda','Soda',1,'2025-04-30 21:15:40',NULL,0),(38,'Ice Tea','Ice Tea',1,'2025-06-19 16:20:32',NULL,0),(56,'Hot Tea','HotTea',1,'2025-10-12 05:34:09',NULL,0);
/*!40000 ALTER TABLE `category` ENABLE KEYS */;
UNLOCK TABLES;

--
-- Table structure for table `customers`
--

DROP TABLE IF EXISTS `customers`;
/*!40101 SET @saved_cs_client     = @@character_set_client */;
/*!50503 SET character_set_client = utf8mb4 */;
CREATE TABLE `customers` (
  `id` int NOT NULL AUTO_INCREMENT,
  `name` varchar(120) CHARACTER SET utf8mb4 COLLATE utf8mb4_general_ci NOT NULL,
  `phone` varchar(18) CHARACTER SET utf8mb4 COLLATE utf8mb4_general_ci NOT NULL,
  `email` varchar(120) CHARACTER SET utf8mb4 COLLATE utf8mb4_general_ci DEFAULT NULL,
  `address` varchar(120) CHARACTER SET utf8mb4 COLLATE utf8mb4_general_ci DEFAULT NULL,
  `description` varchar(120) CHARACTER SET utf8mb4 COLLATE utf8mb4_general_ci DEFAULT NULL,
  `create_by` varchar(120) CHARACTER SET utf8mb4 COLLATE utf8mb4_general_ci DEFAULT NULL,
  `create_at` timestamp NULL DEFAULT CURRENT_TIMESTAMP,
  `status` tinyint(1) DEFAULT NULL,
  PRIMARY KEY (`id`)
) ENGINE=InnoDB AUTO_INCREMENT=22 DEFAULT CHARSET=utf8mb4 COLLATE=utf8mb4_general_ci;
/*!40101 SET character_set_client = @saved_cs_client */;

--
-- Dumping data for table `customers`
--

LOCK TABLES `customers` WRITE;
/*!40000 ALTER TABLE `customers` DISABLE KEYS */;
INSERT INTO `customers` VALUES (1,'VIP Customers','0967811911','dara@gmail.com','st131','test',NULL,'2025-08-17 08:48:14',1),(21,'virak','0967811911','dara@gmail.com','st131','sadfasd','Ranh','2025-10-26 09:10:06',1);
/*!40000 ALTER TABLE `customers` ENABLE KEYS */;
UNLOCK TABLES;

--
-- Table structure for table `expenses`
--

DROP TABLE IF EXISTS `expenses`;
/*!40101 SET @saved_cs_client     = @@character_set_client */;
/*!50503 SET character_set_client = utf8mb4 */;
CREATE TABLE `expenses` (
  `id` int NOT NULL AUTO_INCREMENT,
  `description` varchar(255) CHARACTER SET utf8mb4 COLLATE utf8mb4_general_ci DEFAULT NULL,
  `amount` decimal(10,2) NOT NULL DEFAULT '0.00',
  `expense_date` timestamp NULL DEFAULT CURRENT_TIMESTAMP,
  `create_by` varchar(120) CHARACTER SET utf8mb4 COLLATE utf8mb4_general_ci DEFAULT NULL,
  `create_at` timestamp NULL DEFAULT CURRENT_TIMESTAMP,
  `expense_type` varchar(120) CHARACTER SET utf8mb4 COLLATE utf8mb4_general_ci DEFAULT NULL,
  `payment_method` varchar(120) CHARACTER SET utf8mb4 COLLATE utf8mb4_general_ci DEFAULT NULL,
  `vendor_payee` varchar(120) CHARACTER SET utf8mb4 COLLATE utf8mb4_general_ci DEFAULT NULL,
  PRIMARY KEY (`id`)
) ENGINE=InnoDB AUTO_INCREMENT=27 DEFAULT CHARSET=utf8mb4 COLLATE=utf8mb4_general_ci;
/*!40101 SET character_set_client = @saved_cs_client */;

--
-- Dumping data for table `expenses`
--

LOCK TABLES `expenses` WRITE;
/*!40000 ALTER TABLE `expenses` DISABLE KEYS */;
INSERT INTO `expenses` VALUES (3,'staff paid',300.00,'2025-07-20 17:48:30','Ranh','2025-07-20 17:48:30','ប្រាក់ខែបុគ្គលិក','សាច់ប្រាក់','ប្រាក់ខែបុគ្គលិក'),(4,'maintenances',100.00,'2025-07-20 17:50:43','Ranh','2025-07-20 17:50:43','Machine Maintenance','Credit Card','Machine Maintenance Payroll'),(10,'test',290.00,'2025-08-02 17:00:00','Ranh','2025-08-03 16:08:20','Product Origin','Credit Card','Supplier Payroll'),(11,'test',250.00,'2025-08-02 17:00:00','Ranh','2025-08-03 16:09:14','Power Consumption','Credit Card','EDC Payroll'),(14,'test',200.00,'2025-08-02 17:00:00','Ranh','2025-08-03 16:53:32','Staff Salary','Cash','Staff Payroll'),(24,'dfsgsdf',300.00,'2025-10-02 06:29:19','Ranh','2025-10-02 06:29:19','ប្រាក់ខែបុគ្គលិក','សាច់ប្រាក់','ប្រាក់ខែបុគ្គលិក'),(25,'testing30',200.00,'2025-10-02 06:40:14','Ranh','2025-10-02 06:40:14','Machine Maintenance','សាច់ប្រាក់','Machine Maintenance Payroll'),(26,'fdfa',290.00,'2025-10-08 16:14:36','Ranh','2025-10-08 16:14:36','Product Origin','សាច់ប្រាក់','Supplier Payroll');
/*!40000 ALTER TABLE `expenses` ENABLE KEYS */;
UNLOCK TABLES;

--
-- Table structure for table `order_detail`
--

DROP TABLE IF EXISTS `order_detail`;
/*!40101 SET @saved_cs_client     = @@character_set_client */;
/*!50503 SET character_set_client = utf8mb4 */;
CREATE TABLE `order_detail` (
  `id` int NOT NULL AUTO_INCREMENT,
  `order_id` int DEFAULT NULL,
  `product_id` int DEFAULT NULL,
  `qty` int DEFAULT NULL,
  `price` decimal(7,2) DEFAULT NULL,
  `discount` decimal(7,2) DEFAULT NULL,
  `total` decimal(7,2) DEFAULT NULL,
  `sugarLevel` varchar(120) CHARACTER SET utf8mb4 COLLATE utf8mb4_general_ci DEFAULT NULL,
  PRIMARY KEY (`id`),
  KEY `order_id` (`order_id`),
  KEY `product_id` (`product_id`),
  CONSTRAINT `order_detail_ibfk_1` FOREIGN KEY (`order_id`) REFERENCES `orders` (`id`),
  CONSTRAINT `order_detail_ibfk_2` FOREIGN KEY (`product_id`) REFERENCES `products` (`id`) ON DELETE CASCADE
) ENGINE=InnoDB AUTO_INCREMENT=1010 DEFAULT CHARSET=utf8mb4 COLLATE=utf8mb4_general_ci;
/*!40101 SET character_set_client = @saved_cs_client */;

--
-- Dumping data for table `order_detail`
--

LOCK TABLES `order_detail` WRITE;
/*!40000 ALTER TABLE `order_detail` DISABLE KEYS */;
INSERT INTO `order_detail` VALUES (1,32,NULL,1,2.00,0.00,2.00,NULL),(2,33,NULL,1,4.00,0.00,4.00,NULL),(8,37,NULL,1,2.00,0.00,2.00,NULL),(16,41,16,1,1.50,0.00,1.50,NULL),(19,42,16,1,1.50,0.00,1.50,NULL),(21,43,16,1,1.50,0.00,1.50,NULL),(28,44,16,1,1.50,0.00,1.50,NULL),(33,45,16,1,1.50,0.00,1.50,NULL),(35,46,16,1,1.50,0.00,1.50,NULL),(39,49,16,1,1.25,0.00,1.25,NULL),(42,51,16,1,1.25,0.00,1.25,NULL),(43,52,16,1,1.25,0.00,1.25,NULL),(45,54,16,1,1.25,0.00,1.25,NULL),(72,79,19,1,2.00,0.00,2.00,NULL),(73,82,19,1,2.00,0.00,2.00,NULL),(74,83,19,1,2.00,0.00,2.00,NULL),(75,84,19,2,2.00,0.00,4.00,NULL),(76,85,14,2,2.00,0.00,4.00,NULL),(77,86,16,1,1.25,0.00,1.25,NULL),(84,105,16,1,1.25,0.00,1.25,NULL),(122,126,14,1,2.00,0.00,2.00,NULL),(123,126,16,1,1.25,0.00,1.25,NULL),(124,127,16,1,1.25,0.00,1.25,NULL),(125,128,14,1,2.00,0.00,2.00,NULL),(142,145,9,1,2.00,0.00,2.00,NULL),(144,146,9,1,2.00,0.00,2.00,NULL),(145,147,9,1,2.00,0.00,2.00,NULL),(148,150,14,1,2.00,0.00,2.00,NULL),(149,151,9,1,2.00,0.00,2.00,NULL),(151,153,14,1,2.00,0.00,2.00,NULL),(152,154,9,1,2.00,0.00,2.00,NULL),(155,157,15,1,2.00,0.00,2.00,NULL),(156,158,14,1,2.00,0.00,2.00,NULL),(157,158,15,1,2.00,0.00,2.00,NULL),(158,158,16,2,1.25,0.00,2.50,NULL),(165,163,9,1,2.00,0.00,2.00,NULL),(183,180,9,1,2.00,0.00,2.00,NULL),(186,182,9,1,2.00,0.00,2.00,NULL),(188,183,9,1,2.00,0.00,2.00,NULL),(190,183,14,1,2.00,0.00,2.00,NULL),(191,183,15,1,2.00,0.00,2.00,NULL),(192,183,16,1,1.25,0.00,1.25,NULL),(193,183,19,1,2.00,0.00,2.00,NULL),(194,183,20,1,1.50,0.00,1.50,NULL),(195,183,24,1,1.50,0.00,1.50,NULL),(196,183,27,1,1.50,0.00,1.50,NULL),(197,184,9,1,2.00,0.00,2.00,NULL),(201,186,9,1,2.00,0.00,2.00,NULL),(206,191,NULL,1,2.00,0.00,2.00,NULL),(207,191,NULL,1,1.25,0.00,1.25,NULL),(208,191,NULL,1,2.00,0.00,2.00,NULL),(209,192,NULL,1,1.25,0.00,1.25,NULL),(210,192,NULL,1,2.00,0.00,2.00,NULL),(211,192,NULL,1,2.00,0.00,2.00,NULL),(212,193,NULL,1,1.25,0.00,1.25,NULL),(213,193,NULL,1,2.00,0.00,2.00,NULL),(214,193,NULL,1,2.00,0.00,2.00,NULL),(215,194,NULL,1,1.25,0.00,1.25,NULL),(216,194,NULL,1,2.00,0.00,2.00,NULL),(217,195,NULL,1,2.00,0.00,2.00,NULL),(218,195,NULL,1,1.25,0.00,1.25,NULL),(219,196,NULL,1,2.00,0.00,2.00,NULL),(220,196,NULL,1,2.00,0.00,2.00,NULL),(221,197,NULL,1,2.00,0.00,2.00,NULL),(222,198,NULL,1,1.25,0.00,1.25,NULL),(223,199,NULL,1,1.25,0.00,1.25,NULL),(224,200,NULL,1,2.00,0.00,2.00,NULL),(225,201,NULL,1,2.00,0.00,2.00,NULL),(226,202,NULL,1,2.00,0.00,2.00,NULL),(227,203,NULL,1,2.00,0.00,2.00,NULL),(228,204,NULL,1,2.00,0.00,2.00,NULL),(229,205,NULL,1,1.50,0.00,1.50,NULL),(230,206,NULL,1,2.00,0.00,2.00,NULL),(231,207,NULL,1,2.00,0.00,2.00,NULL),(232,208,NULL,1,2.00,0.00,2.00,NULL),(233,209,NULL,1,1.50,0.00,1.50,NULL),(234,210,NULL,1,2.00,0.00,2.00,NULL),(235,211,NULL,1,2.00,0.00,2.00,NULL),(236,212,NULL,1,2.00,0.00,2.00,NULL),(237,213,NULL,1,2.00,0.00,2.00,NULL),(238,214,NULL,1,2.00,0.00,2.00,NULL),(239,215,NULL,1,2.00,0.00,2.00,NULL),(240,216,NULL,1,1.25,0.00,1.25,NULL),(241,217,NULL,1,2.00,0.00,2.00,NULL),(242,218,NULL,1,2.00,0.00,2.00,NULL),(243,219,NULL,1,2.00,0.00,2.00,NULL),(244,220,NULL,1,2.00,0.00,2.00,NULL),(245,221,NULL,1,2.00,0.00,2.00,NULL),(246,222,NULL,1,2.00,0.00,2.00,NULL),(247,223,NULL,1,2.00,0.00,2.00,NULL),(248,224,NULL,1,2.00,0.00,2.00,NULL),(249,225,NULL,1,2.00,0.00,2.00,NULL),(250,226,NULL,1,2.00,0.00,2.00,NULL),(251,227,NULL,1,2.00,0.00,2.00,NULL),(252,228,NULL,1,1.25,0.00,1.25,NULL),(253,229,NULL,1,2.00,0.00,2.00,NULL),(254,230,NULL,1,2.00,0.00,2.00,NULL),(255,231,NULL,1,1.25,0.00,1.25,NULL),(256,232,NULL,1,2.00,0.00,2.00,NULL),(257,233,NULL,1,2.00,0.00,2.00,NULL),(258,234,NULL,1,2.00,0.00,2.00,NULL),(259,235,NULL,1,1.25,0.00,1.25,NULL),(260,236,NULL,1,2.00,0.00,2.00,NULL),(261,237,NULL,1,1.25,0.00,1.25,NULL),(262,238,NULL,1,2.00,0.00,2.00,NULL),(263,239,NULL,1,2.00,0.00,2.00,NULL),(264,240,NULL,1,2.00,0.00,2.00,NULL),(265,241,NULL,1,2.00,0.00,2.00,NULL),(266,242,NULL,1,2.00,0.00,2.00,NULL),(267,243,NULL,1,2.00,0.00,2.00,NULL),(268,244,NULL,1,2.00,0.00,2.00,NULL),(269,245,NULL,1,2.00,0.00,2.00,NULL),(270,246,NULL,1,1.25,0.00,1.25,NULL),(271,247,NULL,1,2.00,0.00,2.00,NULL),(272,248,NULL,1,2.00,0.00,2.00,NULL),(273,249,NULL,1,1.25,0.00,1.25,NULL),(274,250,NULL,1,2.00,0.00,2.00,NULL),(275,251,NULL,1,2.00,0.00,2.00,NULL),(276,252,NULL,1,2.00,0.00,2.00,NULL),(277,253,NULL,1,2.00,0.00,2.00,NULL),(278,254,NULL,1,2.00,0.00,2.00,NULL),(279,255,NULL,1,2.00,0.00,2.00,NULL),(280,256,NULL,1,2.00,0.00,2.00,NULL),(281,257,NULL,1,2.00,0.00,2.00,NULL),(282,258,NULL,1,2.00,0.00,2.00,NULL),(283,259,NULL,1,2.00,0.00,2.00,NULL),(284,259,NULL,1,2.00,0.00,2.00,NULL),(285,259,NULL,1,1.50,0.00,1.50,NULL),(286,259,NULL,1,2.00,0.00,2.00,NULL),(287,260,NULL,1,2.00,0.00,2.00,NULL),(288,261,NULL,1,2.00,0.00,2.00,NULL),(289,262,NULL,1,2.00,0.00,2.00,NULL),(290,263,NULL,1,2.00,0.00,2.00,NULL),(291,264,NULL,1,1.25,0.00,1.25,NULL),(292,265,NULL,1,2.00,0.00,2.00,NULL),(293,266,NULL,1,2.00,0.00,2.00,NULL),(294,267,NULL,1,1.25,0.00,1.25,NULL),(295,268,NULL,1,2.00,0.00,2.00,NULL),(296,269,NULL,1,2.00,0.00,2.00,NULL),(297,270,NULL,1,2.00,0.00,2.00,NULL),(298,271,NULL,1,2.00,0.00,2.00,NULL),(299,272,NULL,1,1.25,0.00,1.25,NULL),(300,273,NULL,1,2.00,0.00,2.00,NULL),(301,274,NULL,1,2.00,0.00,2.00,NULL),(302,275,NULL,1,2.00,0.00,2.00,NULL),(303,276,NULL,1,1.50,0.00,1.50,NULL),(304,277,NULL,1,2.00,0.00,2.00,NULL),(305,278,NULL,1,2.00,0.00,2.00,NULL),(306,279,NULL,1,2.00,0.00,2.00,NULL),(307,280,NULL,1,1.25,0.00,1.25,NULL),(308,281,NULL,1,1.50,0.00,1.50,NULL),(309,282,NULL,1,1.25,0.00,1.25,NULL),(310,283,NULL,1,1.50,0.00,1.50,NULL),(311,284,NULL,1,2.00,0.00,2.00,NULL),(312,285,NULL,1,1.50,0.00,1.50,NULL),(314,287,NULL,1,2.00,0.00,2.00,NULL),(315,288,NULL,1,2.00,0.00,2.00,NULL),(316,288,NULL,1,2.00,0.00,2.00,NULL),(317,289,NULL,1,2.00,0.00,2.00,NULL),(318,290,NULL,1,2.00,0.00,2.00,NULL),(319,291,NULL,1,2.00,0.00,2.00,NULL),(320,292,NULL,1,2.00,0.00,2.00,NULL),(321,293,NULL,1,2.00,0.00,2.00,NULL),(322,294,NULL,1,1.25,0.00,1.25,NULL),(323,295,NULL,1,2.00,0.00,2.00,NULL),(324,296,NULL,1,2.00,0.00,2.00,NULL),(325,297,NULL,2,1.25,0.00,2.50,NULL),(326,297,NULL,1,2.00,0.00,2.00,NULL),(327,297,NULL,1,2.00,0.00,2.00,NULL),(328,297,NULL,1,2.00,0.00,2.00,NULL),(329,298,NULL,1,2.00,0.00,2.00,NULL),(330,299,NULL,1,2.00,0.00,2.00,NULL),(331,300,NULL,1,2.00,0.00,2.00,NULL),(332,301,NULL,1,2.00,0.00,2.00,NULL),(333,302,NULL,1,1.50,0.00,1.50,NULL),(334,303,NULL,1,2.00,0.00,2.00,NULL),(335,304,NULL,1,1.25,0.00,1.25,NULL),(336,305,NULL,1,2.00,0.00,2.00,NULL),(337,306,NULL,1,2.00,0.00,2.00,NULL),(338,307,NULL,1,2.00,0.00,2.00,NULL),(339,308,NULL,1,2.00,0.00,2.00,NULL),(340,309,NULL,1,2.00,0.00,2.00,NULL),(341,309,NULL,1,2.00,0.00,2.00,NULL),(342,309,NULL,1,2.00,0.00,2.00,NULL),(343,310,NULL,1,2.00,0.00,2.00,NULL),(344,311,NULL,1,2.00,0.00,2.00,NULL),(345,311,NULL,1,2.00,0.00,2.00,NULL),(346,311,NULL,1,2.00,0.00,2.00,NULL),(347,311,NULL,1,2.00,0.00,2.00,NULL),(348,311,NULL,1,2.00,0.00,2.00,NULL),(349,312,NULL,1,2.00,0.00,2.00,NULL),(350,313,NULL,1,2.00,0.00,2.00,NULL),(351,314,NULL,1,2.00,0.00,2.00,NULL),(352,315,NULL,1,2.00,0.00,2.00,NULL),(353,316,NULL,1,2.00,0.00,2.00,NULL),(354,317,NULL,1,2.00,0.00,2.00,NULL),(355,318,NULL,NULL,2.00,0.00,2.00,NULL),(356,319,NULL,NULL,2.00,0.00,2.00,NULL),(357,320,NULL,NULL,2.00,0.00,2.00,NULL),(358,321,NULL,NULL,2.00,0.00,2.00,NULL),(359,322,NULL,NULL,2.00,0.00,4.00,NULL),(360,323,NULL,3,2.00,0.00,6.00,NULL),(361,324,NULL,NULL,2.00,0.00,6.00,NULL),(362,325,NULL,NULL,2.00,0.00,2.00,NULL),(363,326,NULL,NULL,2.00,0.00,2.00,NULL),(364,327,NULL,1,2.00,0.00,2.00,NULL),(365,328,NULL,NULL,2.00,0.00,2.00,NULL),(366,329,NULL,NULL,2.00,0.00,2.00,NULL),(367,330,NULL,NULL,2.00,0.00,2.00,NULL),(368,331,NULL,NULL,2.00,0.00,2.00,NULL),(369,332,NULL,NULL,NULL,NULL,NULL,NULL),(370,333,NULL,NULL,2.00,0.00,2.00,NULL),(371,334,NULL,1,2.00,0.00,2.00,NULL),(372,335,NULL,1,2.00,0.00,2.00,NULL),(373,336,NULL,NULL,2.00,0.00,2.00,NULL),(374,337,NULL,NULL,2.00,0.00,2.00,NULL),(375,338,NULL,1,2.00,0.00,2.00,NULL),(376,339,NULL,NULL,2.00,0.00,2.00,NULL),(377,342,NULL,NULL,2.00,0.00,2.00,NULL),(378,343,NULL,NULL,2.00,0.00,2.00,NULL),(379,344,NULL,NULL,2.00,0.00,2.00,NULL),(380,345,NULL,NULL,2.00,0.00,2.00,NULL),(381,346,NULL,NULL,2.00,0.00,2.00,NULL),(382,347,NULL,NULL,2.00,0.00,2.00,NULL),(383,348,NULL,NULL,2.00,0.00,2.00,NULL),(384,349,NULL,NULL,2.00,0.00,2.00,NULL),(385,350,NULL,NULL,2.00,0.00,2.00,NULL),(386,351,NULL,NULL,2.00,0.00,2.00,NULL),(387,352,NULL,NULL,2.00,0.00,2.00,NULL),(388,353,NULL,NULL,2.00,0.00,2.00,NULL),(389,354,NULL,1,2.00,0.00,2.00,NULL),(390,355,NULL,1,2.00,0.00,2.00,NULL),(391,355,NULL,1,2.00,0.00,2.00,NULL),(392,355,NULL,1,2.00,0.00,2.00,NULL),(393,355,NULL,1,2.00,0.00,2.00,NULL),(394,356,NULL,1,2.00,0.00,2.00,NULL),(395,357,NULL,1,2.00,0.00,2.00,NULL),(396,358,NULL,1,2.00,0.00,2.00,NULL),(397,359,NULL,1,1.50,0.00,1.50,NULL),(398,360,NULL,1,2.00,0.00,2.00,NULL),(399,360,NULL,1,2.00,0.00,2.00,NULL),(400,360,NULL,1,2.00,0.00,2.00,NULL),(401,361,NULL,1,2.00,0.00,2.00,NULL),(402,362,NULL,1,2.00,0.00,2.00,NULL),(403,363,NULL,1,2.00,0.00,2.00,NULL),(404,363,NULL,1,2.00,0.00,2.00,NULL),(405,364,NULL,1,2.00,0.00,2.00,NULL),(406,365,NULL,1,2.00,0.00,2.00,NULL),(407,366,NULL,1,2.00,0.00,2.00,NULL),(408,367,NULL,1,2.00,0.00,2.00,NULL),(409,368,NULL,1,2.00,0.00,2.00,NULL),(410,369,NULL,1,1.25,0.00,1.25,NULL),(411,370,NULL,1,2.00,0.00,2.00,NULL),(412,371,NULL,1,1.50,0.00,1.50,NULL),(413,372,NULL,1,2.00,0.00,2.00,NULL),(414,372,NULL,1,2.00,0.00,2.00,NULL),(415,373,NULL,1,2.00,0.00,2.00,NULL),(416,373,NULL,1,2.00,0.00,2.00,NULL),(417,373,NULL,1,2.00,0.00,2.00,NULL),(418,373,NULL,1,2.00,0.00,2.00,NULL),(419,373,NULL,1,2.00,0.00,2.00,NULL),(420,373,NULL,1,1.25,0.00,1.25,NULL),(421,373,NULL,1,2.00,0.00,2.00,NULL),(422,373,NULL,1,2.00,0.00,2.00,NULL),(423,373,NULL,1,2.00,0.00,2.00,NULL),(424,373,NULL,1,1.50,0.00,1.50,NULL),(431,377,NULL,1,2.00,0.00,2.00,NULL),(432,377,NULL,1,2.00,0.00,2.00,NULL),(433,378,NULL,1,2.00,0.00,2.00,NULL),(434,379,NULL,1,2.00,0.00,2.00,NULL),(435,380,NULL,1,1.25,0.00,1.25,NULL),(436,381,NULL,1,2.00,0.00,2.00,NULL),(437,382,NULL,1,2.00,0.00,2.00,NULL),(438,383,NULL,1,2.00,0.00,2.00,NULL),(439,384,NULL,1,2.00,0.00,2.00,NULL),(440,385,NULL,1,2.00,0.00,2.00,NULL),(441,385,NULL,1,2.00,0.00,2.00,NULL),(442,385,NULL,1,2.00,0.00,2.00,NULL),(443,385,NULL,1,2.00,0.00,2.00,NULL),(446,388,NULL,1,1.25,0.00,1.25,NULL),(447,388,NULL,1,1.25,0.00,1.25,NULL),(448,388,NULL,2,1.25,0.00,2.50,NULL),(449,389,NULL,10,1.25,0.00,12.50,NULL),(450,389,NULL,10,1.25,0.00,12.50,NULL),(451,389,NULL,10,1.25,0.00,12.50,NULL),(452,390,NULL,1,1.25,0.00,1.25,NULL),(453,391,NULL,1,1.25,0.00,1.25,NULL),(454,392,NULL,1,1.25,0.00,1.25,NULL),(455,392,NULL,1,1.25,0.00,1.25,NULL),(456,393,NULL,1,1.25,0.00,1.25,NULL),(457,394,NULL,1,1.25,0.00,1.25,NULL),(458,394,NULL,1,1.25,0.00,1.25,NULL),(459,395,NULL,1,1.25,0.00,1.25,NULL),(460,395,NULL,1,1.25,0.00,1.25,NULL),(461,395,NULL,1,1.25,0.00,1.25,NULL),(462,395,NULL,1,1.25,0.00,1.25,NULL),(463,395,NULL,1,1.25,0.00,1.25,NULL),(464,396,NULL,1,1.25,0.00,1.25,NULL),(465,396,NULL,1,1.25,0.00,1.25,NULL),(466,397,NULL,1,1.25,0.00,1.25,NULL),(467,397,NULL,1,1.25,0.00,1.25,NULL),(468,398,NULL,1,1.25,0.00,1.25,NULL),(469,399,NULL,1,1.25,0.00,1.25,NULL),(470,400,NULL,1,1.25,0.00,1.25,NULL),(471,401,NULL,1,1.25,0.00,1.25,NULL),(472,401,NULL,1,1.25,0.00,1.25,NULL),(473,402,NULL,1,1.25,0.00,1.25,NULL),(474,403,NULL,1,1.25,0.00,1.25,NULL),(475,403,NULL,1,1.25,0.00,1.25,NULL),(476,403,NULL,1,1.25,0.00,1.25,NULL),(477,403,NULL,1,1.25,0.00,1.25,NULL),(478,403,NULL,1,1.25,0.00,1.25,NULL),(479,403,NULL,1,1.25,0.00,1.25,NULL),(480,403,NULL,1,1.25,0.00,1.25,NULL),(481,403,NULL,1,1.25,0.00,1.25,NULL),(482,403,NULL,1,1.25,0.00,1.25,NULL),(483,404,NULL,1,1.25,0.00,1.25,NULL),(484,405,NULL,1,1.25,0.00,1.25,NULL),(485,406,NULL,1,1.25,0.00,1.25,NULL),(486,407,NULL,1,1.25,0.00,1.25,NULL),(487,407,NULL,1,1.25,0.00,1.25,NULL),(488,407,NULL,1,1.25,0.00,1.25,NULL),(489,408,NULL,1,1.25,0.00,1.25,NULL),(490,408,NULL,1,1.25,0.00,1.25,NULL),(491,409,NULL,1,1.25,0.00,1.25,NULL),(492,409,NULL,1,1.25,0.00,1.25,NULL),(493,410,NULL,1,1.25,0.00,1.25,NULL),(494,410,NULL,1,1.25,0.00,1.25,NULL),(495,411,NULL,1,1.25,0.00,1.25,NULL),(496,412,NULL,1,1.25,0.00,1.25,NULL),(497,412,NULL,1,1.25,0.00,1.25,NULL),(498,413,NULL,1,1.25,0.00,1.25,NULL),(499,414,NULL,1,1.25,0.00,1.25,NULL),(500,414,NULL,1,1.25,0.00,1.25,NULL),(501,415,NULL,1,1.25,0.00,1.25,NULL),(502,416,NULL,1,1.25,0.00,1.25,NULL),(503,417,NULL,1,1.25,0.00,1.25,NULL),(504,417,NULL,1,1.25,0.00,1.25,NULL),(505,418,NULL,1,1.25,0.00,1.25,NULL),(506,419,NULL,1,1.25,0.00,1.25,NULL),(507,420,NULL,1,1.25,0.00,1.25,NULL),(508,422,NULL,1,1.25,0.00,1.25,NULL),(509,422,NULL,1,1.25,0.00,1.25,NULL),(510,423,NULL,1,1.25,0.00,1.25,NULL),(511,423,NULL,1,1.25,0.00,1.25,NULL),(512,424,NULL,1,1.25,0.00,1.25,NULL),(513,425,NULL,1,1.25,0.00,1.25,NULL),(514,426,NULL,1,1.25,0.00,1.25,NULL),(515,427,NULL,1,1.25,0.00,1.25,NULL),(516,428,NULL,1,1.25,0.00,1.25,NULL),(517,429,NULL,1,1.25,0.00,1.25,NULL),(518,429,NULL,1,1.25,0.00,1.25,NULL),(519,429,NULL,1,1.25,0.00,1.25,NULL),(520,429,NULL,1,1.25,0.00,1.25,NULL),(521,429,NULL,1,1.25,0.00,1.25,NULL),(522,429,NULL,1,1.25,0.00,1.25,NULL),(523,430,NULL,1,1.25,0.00,1.25,NULL),(524,430,NULL,1,1.25,0.00,1.25,NULL),(525,431,NULL,1,1.25,0.00,1.25,NULL),(526,431,NULL,1,1.25,0.00,1.25,NULL),(527,432,NULL,1,1.25,0.00,1.25,NULL),(528,433,NULL,1,1.25,0.00,1.25,NULL),(529,433,NULL,1,1.25,0.00,1.25,NULL),(530,434,NULL,1,1.50,0.00,1.50,NULL),(531,435,NULL,1,1.25,0.00,1.25,NULL),(532,436,NULL,1,1.25,0.00,1.25,NULL),(533,436,NULL,1,1.25,0.00,1.25,NULL),(534,436,NULL,1,1.25,0.00,1.25,NULL),(535,437,NULL,1,1.25,0.00,1.25,NULL),(536,437,NULL,1,1.25,0.00,1.25,NULL),(537,438,NULL,1,1.25,0.00,1.25,NULL),(538,438,NULL,1,1.25,0.00,1.25,NULL),(539,439,NULL,1,1.25,0.00,1.25,NULL),(540,439,NULL,1,1.25,0.00,1.25,NULL),(541,440,NULL,1,1.25,0.00,1.25,NULL),(542,440,NULL,1,1.25,0.00,1.25,NULL),(543,440,NULL,1,1.25,0.00,1.25,NULL),(544,441,NULL,1,1.25,0.00,1.25,NULL),(545,441,NULL,1,1.50,0.00,1.50,NULL),(547,441,NULL,1,1.25,0.00,1.25,NULL),(548,441,NULL,1,1.25,0.00,1.25,NULL),(549,441,NULL,1,1.25,0.00,1.25,NULL),(554,444,NULL,1,1.25,0.00,1.25,NULL),(555,445,NULL,1,1.25,0.00,1.25,NULL),(556,445,NULL,1,1.25,0.00,1.25,NULL),(558,447,NULL,1,1.25,0.00,1.25,NULL),(559,448,NULL,1,1.25,0.00,1.25,NULL),(560,449,NULL,1,1.25,0.00,1.25,NULL),(561,450,NULL,1,1.25,0.00,1.25,NULL),(562,451,NULL,1,1.25,0.00,1.25,NULL),(563,452,NULL,1,1.25,0.00,1.25,NULL),(564,453,NULL,1,1.25,0.00,1.25,NULL),(565,454,NULL,1,1.25,0.00,1.25,NULL),(566,455,NULL,1,1.25,0.00,1.25,NULL),(567,456,NULL,1,1.25,0.00,1.25,NULL),(568,457,NULL,1,1.25,0.00,1.25,NULL),(569,458,NULL,1,1.25,0.00,1.25,NULL),(570,459,NULL,1,1.25,0.00,1.25,NULL),(571,460,NULL,1,1.25,0.00,1.25,NULL),(572,461,NULL,1,1.25,0.00,1.25,NULL),(573,462,NULL,1,1.25,0.00,1.25,NULL),(574,463,NULL,1,1.25,0.00,1.25,NULL),(575,464,NULL,1,1.25,0.00,1.25,NULL),(576,465,NULL,1,1.25,0.00,1.25,NULL),(577,466,NULL,1,1.25,0.00,1.25,NULL),(578,467,NULL,1,1.25,0.00,1.25,NULL),(579,468,NULL,1,1.25,0.00,1.25,NULL),(582,471,24,1,1.25,0.00,1.25,NULL),(583,472,27,1,1.25,0.00,1.25,NULL),(584,473,14,1,1.25,0.00,1.25,NULL),(586,473,15,1,1.25,0.00,1.25,NULL),(587,473,19,2,1.25,0.00,2.50,NULL),(590,476,15,1,1.25,0.00,1.25,NULL),(592,478,9,1,1.25,0.00,1.25,NULL),(594,482,9,1,1.25,0.00,1.25,NULL),(597,485,16,1,1.25,0.00,1.25,NULL),(602,490,27,1,1.25,0.00,1.25,NULL),(604,497,16,1,1.25,0.00,1.25,NULL),(605,498,9,1,1.25,0.00,1.25,NULL),(607,498,16,1,1.25,0.00,1.25,NULL),(613,502,15,1,1.25,0.00,1.25,NULL),(614,503,27,1,1.25,0.00,1.25,NULL),(617,506,9,1,1.25,0.00,1.25,NULL),(618,506,9,1,1.25,0.00,1.25,NULL),(619,506,9,1,1.25,0.00,1.25,NULL),(621,508,14,1,1.25,0.00,1.25,NULL),(622,509,9,1,1.25,0.00,1.25,NULL),(627,514,9,1,1.25,0.00,1.25,'50'),(628,515,9,1,1.25,0.00,1.25,'100'),(629,515,9,1,1.25,0.00,1.25,'50'),(631,516,14,1,1.25,0.00,1.25,'100'),(632,517,24,2,1.25,0.00,2.50,'50'),(633,518,14,1,1.25,0.00,1.25,'0'),(634,519,15,1,1.25,0.00,1.25,'50'),(636,520,20,1,1.25,0.00,1.25,'75'),(637,520,19,1,1.25,0.00,1.25,'0'),(638,520,27,1,1.25,0.00,1.25,'0'),(640,522,9,1,1.25,0.00,1.25,'25'),(641,523,9,1,1.25,0.00,1.25,'50'),(645,528,15,1,1.25,0.00,1.25,'100'),(648,529,9,1,1.25,0.00,1.25,'0'),(649,529,16,1,1.25,0.00,1.25,'0'),(650,529,24,1,1.25,0.00,1.25,'0'),(651,529,19,1,1.25,0.00,1.25,'0'),(652,529,27,1,1.25,0.00,1.25,'0'),(653,529,15,1,1.25,0.00,1.25,'0'),(654,529,20,1,1.25,0.00,1.25,'0'),(655,530,24,1,1.25,0.00,1.25,'0'),(656,530,14,1,1.25,0.00,1.25,'100'),(657,530,43,1,1.25,0.00,1.25,'100'),(658,530,20,1,1.25,0.00,1.25,'50'),(660,530,44,1,1.25,0.00,1.25,'25'),(661,531,9,1,1.25,0.00,1.25,'0'),(662,531,16,1,1.25,0.00,1.25,'0'),(663,531,20,1,1.25,0.00,1.25,'0'),(665,531,14,1,1.25,0.00,1.25,'0'),(666,532,9,1,1.25,0.00,1.25,'0'),(667,532,9,2,1.25,0.00,2.50,'50'),(669,532,20,1,1.25,0.00,1.25,'0'),(671,533,16,1,1.25,0.00,1.25,'0'),(673,533,9,1,1.25,0.00,1.25,'0'),(674,533,14,1,1.25,0.00,1.25,'0'),(675,533,20,1,1.25,0.00,1.25,'0'),(676,533,43,1,1.25,0.00,1.25,'0'),(677,533,19,1,1.25,0.00,1.25,'0'),(678,533,15,1,1.25,0.00,1.25,'0'),(679,534,20,1,1.25,0.00,1.25,'0'),(680,534,9,1,1.25,0.00,1.25,'50'),(682,534,16,1,1.25,0.00,1.25,'50'),(683,534,14,1,1.25,0.00,1.25,'100'),(685,534,15,1,1.25,0.00,1.25,'0'),(686,534,19,1,1.25,0.00,1.25,'0'),(687,534,27,1,1.25,0.00,1.25,'50'),(688,535,44,1,1.25,0.00,1.25,'100'),(689,535,24,1,1.25,0.00,1.25,'100'),(690,535,43,1,1.25,0.00,1.25,'100'),(691,535,15,1,1.25,0.00,1.25,'50'),(692,535,19,1,1.25,0.00,1.25,'0'),(693,535,27,1,1.25,0.00,1.25,'50'),(694,535,20,1,1.25,0.00,1.25,'75'),(696,536,9,2,1.25,0.00,2.50,'50'),(699,536,16,2,1.25,0.00,2.50,'100'),(700,536,20,1,1.25,0.00,1.25,'50'),(701,536,14,3,1.25,0.00,3.75,'100'),(702,537,9,1,1.25,0.00,1.25,'0'),(703,537,9,1,1.25,0.00,1.25,'50'),(704,537,9,1,1.25,0.00,1.25,'100'),(706,539,9,1,1.25,0.00,1.25,'100'),(708,539,9,1,1.25,0.00,1.25,'50'),(709,539,9,1,1.25,0.00,1.25,'0'),(710,540,9,1,1.25,0.00,1.25,'25'),(711,540,9,1,1.25,0.00,1.25,'50'),(712,540,9,1,1.25,0.00,1.25,'0'),(713,540,16,1,1.25,0.00,1.25,'50'),(716,540,15,1,1.25,0.00,1.25,'100'),(717,540,15,1,1.25,0.00,1.25,'25'),(719,541,9,1,1.25,0.00,1.25,'25'),(721,541,9,1,1.25,0.00,1.25,'100'),(722,542,27,1,1.25,0.00,1.25,'0'),(723,542,27,1,1.25,0.00,1.25,'100'),(724,543,9,1,1.25,0.00,1.25,'50'),(725,543,9,1,1.25,0.00,1.25,'100'),(728,545,9,1,1.25,0.00,1.25,'0'),(731,546,20,1,1.25,0.00,1.25,'100'),(732,546,20,1,1.25,0.00,1.25,'50'),(733,547,9,1,1.25,0.00,1.25,'25'),(734,547,9,2,1.25,0.00,2.50,'100'),(737,549,9,1,1.25,0.00,1.25,'0'),(739,549,27,1,2.00,0.00,2.00,'0'),(740,549,24,1,1.25,0.00,1.25,'0'),(741,550,14,1,1.25,0.00,1.25,'50'),(742,550,15,1,1.50,0.00,1.50,'50'),(743,551,19,1,1.25,0.00,1.25,'0'),(744,551,19,1,1.25,0.00,1.25,'100'),(745,551,24,1,1.25,0.00,1.25,'0'),(746,552,9,1,1.25,0.00,1.25,'50'),(748,552,43,1,1.25,0.00,1.25,'50'),(749,552,16,1,1.25,0.00,1.25,'100'),(750,553,9,1,1.25,0.00,1.25,'50'),(751,553,9,1,1.25,0.00,1.25,'100'),(752,553,14,1,1.25,0.00,1.25,'100'),(753,554,19,1,1.25,0.00,1.25,'50'),(754,555,20,1,1.50,0.00,1.50,'0'),(755,555,16,1,1.25,0.00,1.25,'100'),(756,556,16,1,1.25,0.00,1.25,'50'),(758,557,9,1,1.25,0.00,1.25,'25'),(759,558,9,1,1.25,0.00,1.25,'50'),(760,559,14,1,1.25,0.00,1.25,'75'),(761,559,20,1,1.50,0.00,1.50,'50'),(762,559,16,1,1.25,0.00,1.25,'0'),(763,560,9,1,1.25,0.00,1.25,'50'),(764,560,43,1,1.25,0.00,1.25,'100'),(765,560,20,1,1.50,0.00,1.50,'0'),(766,561,68,1,2.00,0.00,2.00,'25'),(767,562,19,1,1.25,0.00,1.25,'50'),(768,562,24,1,1.25,0.00,1.25,'100'),(769,563,70,1,2.00,0.00,2.00,'100'),(770,563,43,1,1.25,0.00,1.25,'50'),(771,563,70,1,2.00,0.00,2.00,'0'),(773,564,9,1,1.25,0.00,1.25,'50'),(774,565,68,1,2.00,0.00,2.00,'50'),(775,565,70,2,2.00,0.00,4.00,'25'),(776,566,71,1,2.00,0.00,2.00,'50'),(778,567,15,3,1.50,0.00,4.50,'25'),(779,567,70,1,2.00,0.00,2.00,'10'),(780,568,70,1,2.00,0.00,2.00,'0'),(781,568,70,1,2.00,0.00,2.00,'50'),(782,569,9,1,1.25,0.00,1.25,'25'),(783,570,70,1,2.00,0.00,2.00,'50'),(784,570,68,1,2.00,0.00,2.00,'100'),(785,571,71,1,2.00,0.00,2.00,'50'),(786,571,9,1,1.25,0.00,1.25,'75'),(787,572,44,1,2.00,0.00,2.00,'50'),(788,572,70,1,2.00,0.00,2.00,'25'),(789,573,71,1,2.00,0.00,2.00,'25'),(790,574,68,1,2.00,0.00,2.00,'100'),(791,575,44,1,2.00,0.00,2.00,'25'),(792,576,70,2,2.00,0.00,4.00,'25'),(793,577,43,1,1.25,0.00,1.25,'50'),(794,577,44,1,2.00,0.00,2.00,'25'),(795,578,9,1,1.25,0.00,1.25,'50'),(796,579,70,1,2.00,0.00,2.00,'25'),(797,579,71,1,2.00,0.00,2.00,'0'),(798,580,78,1,2.00,0.00,2.00,'25'),(799,581,78,1,2.00,0.00,2.00,'10'),(800,581,78,1,2.00,0.00,2.00,'0'),(801,581,78,1,2.00,0.00,2.00,'50'),(802,581,14,1,1.25,0.00,1.25,'25'),(803,581,19,1,1.25,0.00,1.25,'0'),(804,582,68,1,2.00,0.00,2.00,'100'),(805,582,78,1,2.00,0.00,2.00,'50'),(806,583,70,1,2.00,0.00,2.00,'75'),(807,584,71,1,2.00,0.00,2.00,'100'),(808,585,78,1,2.00,0.00,2.00,'100'),(809,586,15,1,1.50,0.00,1.50,'25'),(810,587,78,1,2.00,0.00,2.00,'75'),(811,588,70,1,2.00,0.00,2.00,'50'),(812,589,43,1,1.25,0.00,1.25,'25'),(813,590,16,1,1.25,0.00,1.25,'25'),(814,591,71,1,2.00,0.00,2.00,'50'),(815,592,71,31,2.00,0.00,62.00,'25'),(816,593,71,35,2.00,0.00,70.00,'50'),(817,594,70,1,2.00,0.00,2.00,'0'),(818,594,70,1,2.00,0.00,2.00,'50'),(819,595,44,1,2.00,0.00,2.00,'50'),(820,596,78,1,2.00,0.00,2.00,'50'),(821,597,70,1,2.00,0.00,2.00,'50'),(822,598,20,1,1.50,0.00,1.50,'0'),(823,599,9,1,1.25,0.00,1.25,'50'),(824,600,71,1,2.00,0.00,2.00,'0'),(825,601,68,1,2.00,0.00,2.00,'50'),(826,602,71,1,2.00,0.00,2.00,'25'),(827,603,71,1,2.00,0.00,2.00,'50'),(828,604,71,1,2.00,0.00,2.00,'50'),(829,605,70,1,2.00,0.00,2.00,'50'),(830,606,78,1,2.00,0.00,2.00,'50'),(831,607,68,1,2.00,0.00,2.00,'0'),(832,607,71,1,2.00,0.00,2.00,'50'),(833,608,68,1,2.00,0.00,2.00,'50'),(834,609,71,1,2.00,0.00,2.00,'100'),(835,610,71,1,2.00,0.00,2.00,'50'),(836,611,71,1,2.00,0.00,2.00,'50'),(837,612,68,1,2.00,0.00,2.00,'10'),(838,612,44,1,2.00,0.00,2.00,'50'),(839,613,14,1,1.25,0.00,1.25,'50'),(841,614,16,1,1.25,0.00,1.25,'50'),(842,614,78,1,2.00,0.00,2.00,'25'),(843,615,71,1,2.00,0.00,2.00,'50'),(844,616,15,1,1.50,0.00,1.50,'50'),(846,617,71,1,2.00,0.00,2.00,'50'),(847,618,15,1,1.50,0.00,1.50,'50'),(848,619,15,1,1.50,0.00,1.50,'100'),(849,620,71,1,2.00,0.00,2.00,'100'),(850,621,15,1,1.50,0.00,1.50,'50'),(851,622,20,1,1.50,0.00,1.50,'50'),(852,622,15,1,1.50,0.00,1.50,'50'),(854,623,15,1,1.50,0.00,1.50,'100'),(855,623,9,1,1.25,0.00,1.25,'0'),(856,624,15,1,1.50,0.00,1.50,'100'),(858,624,9,1,1.25,0.00,1.25,'0'),(859,625,71,1,2.00,0.00,2.00,'50'),(860,625,70,1,2.00,0.00,2.00,'0'),(861,626,71,1,2.00,0.00,2.00,'50'),(862,627,71,1,2.00,0.00,2.00,'50'),(863,628,71,1,2.00,0.00,2.00,'50'),(864,629,71,1,2.00,0.00,2.00,'50'),(865,630,70,1,2.00,0.00,2.00,'25'),(866,631,71,1,2.00,0.00,2.00,'50'),(867,631,70,1,2.00,0.00,2.00,'50'),(868,632,70,1,2.00,0.00,2.00,'50'),(869,632,71,1,2.00,0.00,2.00,'50'),(870,633,70,1,2.00,0.00,2.00,'50'),(871,633,71,1,2.00,0.00,2.00,'50'),(872,634,71,1,2.00,0.00,2.00,'50'),(873,635,43,1,1.25,0.00,1.25,'25'),(874,636,43,1,1.25,0.00,1.25,'50'),(875,637,70,1,2.00,0.00,2.00,'25'),(876,638,43,1,1.25,0.00,1.25,'25'),(878,639,27,1,2.00,0.00,2.00,'0'),(879,640,14,1,1.25,0.00,1.25,'50'),(880,641,20,1,1.50,0.00,1.50,'50'),(881,642,44,1,2.00,0.00,2.00,'50'),(882,643,44,1,2.00,0.00,2.00,'50'),(883,644,68,1,2.00,0.00,2.00,'0'),(884,645,71,1,2.00,0.00,2.00,'100'),(885,646,70,1,2.00,0.00,2.00,'0'),(886,646,71,1,2.00,0.00,2.00,'50'),(887,647,71,1,2.00,0.00,2.00,'10'),(888,647,16,1,1.25,0.00,1.25,'50'),(889,648,71,1,2.00,0.00,2.00,'25'),(890,648,20,1,1.50,0.00,1.50,'10'),(891,649,9,1,1.25,0.00,1.25,'0'),(892,650,71,1,2.00,0.00,2.00,'25'),(893,650,19,1,1.25,0.00,1.25,'50'),(894,651,20,1,1.50,0.00,1.50,'0'),(895,652,71,1,2.00,0.00,2.00,'25'),(896,652,70,1,2.00,0.00,2.00,'10'),(897,653,71,1,2.00,0.00,2.00,'50'),(898,653,15,1,1.50,0.00,1.50,'50'),(899,654,43,1,1.25,0.00,1.25,'25'),(900,655,71,1,2.00,0.00,2.00,'10'),(901,656,68,1,2.00,0.00,2.00,'0'),(902,657,70,1,2.00,0.00,2.00,'25'),(903,657,43,1,1.25,0.00,1.25,'10'),(904,658,71,1,2.00,0.00,2.00,'50'),(905,658,68,1,2.00,0.00,2.00,'10'),(906,659,27,1,2.00,0.00,2.00,'25'),(907,660,70,1,2.00,0.00,2.00,'25'),(908,661,71,1,2.00,0.00,2.00,'0'),(909,662,15,1,1.50,0.00,1.50,'50'),(910,662,43,1,1.25,0.00,1.25,'25'),(911,663,71,1,2.00,0.00,2.00,'50'),(912,663,68,1,2.00,0.00,2.00,'0'),(913,664,43,1,1.25,0.00,1.25,'0'),(914,664,68,1,2.00,0.00,2.00,'50'),(915,665,70,1,2.00,0.00,2.00,'25'),(916,666,71,1,2.00,0.00,2.00,'10'),(917,667,43,1,1.25,0.00,1.25,'25'),(918,668,15,1,1.50,0.00,1.50,'25'),(919,669,68,1,2.00,0.00,2.00,'10'),(920,670,70,1,2.00,0.00,2.00,'25'),(921,670,15,1,1.50,0.00,1.50,'50'),(922,671,71,2,2.00,0.00,4.00,'50'),(923,672,71,1,2.00,0.00,2.00,'25'),(924,673,71,1,2.00,0.00,2.00,'100'),(925,674,43,1,1.25,0.00,1.25,'0'),(926,675,68,1,2.00,0.00,2.00,'50'),(927,676,43,1,1.25,0.00,1.25,'100'),(928,677,71,1,2.00,0.00,2.00,'10'),(929,678,70,1,2.00,0.00,2.00,'10'),(930,679,71,1,2.00,0.00,2.00,'50'),(931,680,70,1,2.00,0.00,2.00,'100'),(932,681,78,1,2.00,0.00,2.00,'100'),(933,681,78,2,2.00,0.00,4.00,'50'),(940,684,71,1,2.00,0.00,2.00,'50'),(941,683,70,1,2.00,0.00,2.00,'10'),(942,683,43,1,1.25,0.00,1.25,'10'),(947,682,71,1,2.00,0.00,2.00,'0'),(948,685,71,1,2.00,0.00,2.00,'0'),(951,687,44,1,2.00,0.00,2.00,'25'),(952,686,68,1,2.00,0.00,2.00,'0'),(953,688,71,1,2.00,0.00,2.00,'100'),(954,689,43,1,1.25,0.00,1.25,'25'),(955,690,43,1,1.25,0.00,1.25,'25'),(956,691,19,1,1.25,0.00,1.25,'50'),(957,692,68,1,2.00,0.00,2.00,'50'),(958,693,70,1,2.00,0.00,2.00,'10'),(959,694,43,1,1.25,0.00,1.25,'50'),(960,695,43,1,1.25,0.00,1.25,'100'),(961,695,43,1,1.25,0.00,1.25,'25'),(962,696,9,1,1.25,0.00,1.25,'25'),(963,696,9,1,1.25,0.00,1.25,'100'),(964,697,68,1,2.00,0.00,2.00,'10'),(965,697,71,1,2.00,0.00,2.00,'10'),(966,698,70,1,2.00,0.00,2.00,'25'),(967,699,78,1,2.00,0.00,2.00,'25'),(968,700,71,2,2.00,0.00,4.00,'10'),(969,701,27,1,2.00,0.00,2.00,'50'),(970,702,71,1,2.00,0.00,2.00,'25'),(971,703,71,2,2.00,0.00,4.00,'25'),(972,704,78,1,2.00,0.00,2.00,'10'),(973,705,16,1,1.25,0.00,1.25,'25'),(974,706,71,1,2.00,0.00,2.00,'10'),(975,706,71,1,2.00,0.00,2.00,'100'),(976,707,78,1,2.00,0.00,2.00,'50'),(977,707,78,1,2.00,0.00,2.00,'0'),(978,708,43,1,1.25,0.00,1.25,'50'),(979,708,20,1,1.50,0.00,1.50,'10'),(980,708,15,1,1.50,0.00,1.50,'25'),(981,708,9,1,1.25,0.00,1.25,'100'),(982,709,87,1,2.00,0.00,2.00,'25'),(983,709,71,1,2.00,0.00,2.00,'50'),(984,710,43,4,1.25,0.00,5.00,'50'),(985,711,87,3,2.00,0.00,6.00,'25'),(986,711,68,4,2.00,0.00,8.00,'75'),(987,712,44,1,2.00,0.00,2.00,'25'),(988,713,9,1,1.25,0.00,1.25,'50'),(989,714,78,1,2.00,0.00,2.00,'50'),(990,715,71,1,2.00,0.00,2.00,'25'),(991,716,44,1,2.00,0.00,2.00,'10'),(992,716,15,1,1.50,0.00,1.50,'50'),(993,717,71,1,2.00,0.00,2.00,'10'),(994,718,27,1,2.00,0.00,2.00,'10'),(995,719,68,1,2.00,0.00,2.00,'100'),(996,720,78,1,2.00,0.00,2.00,'50'),(997,721,78,1,2.00,0.00,2.00,'50'),(998,722,68,1,2.00,0.00,2.00,'50'),(999,723,71,1,2.00,0.00,2.00,'25'),(1000,724,87,1,2.00,0.00,2.00,'25'),(1001,725,27,1,2.00,0.00,2.00,'50'),(1002,726,43,1,1.25,0.00,1.25,'25'),(1003,727,87,1,2.00,0.00,2.00,'25'),(1004,728,87,1,2.00,0.00,2.00,'25'),(1005,729,87,1,2.00,0.00,2.00,'25'),(1006,730,43,1,1.25,0.00,1.25,'100'),(1007,731,71,1,2.00,0.00,2.00,'50'),(1008,732,71,1,2.00,0.00,2.00,'50'),(1009,733,87,1,2.00,0.00,2.00,'25');
/*!40000 ALTER TABLE `order_detail` ENABLE KEYS */;
UNLOCK TABLES;

--
-- Table structure for table `orders`
--

DROP TABLE IF EXISTS `orders`;
/*!40101 SET @saved_cs_client     = @@character_set_client */;
/*!50503 SET character_set_client = utf8mb4 */;
CREATE TABLE `orders` (
  `id` int NOT NULL AUTO_INCREMENT,
  `order_no` varchar(120) CHARACTER SET utf8mb4 COLLATE utf8mb4_general_ci NOT NULL,
  `customer_id` int DEFAULT NULL,
  `user_id` int DEFAULT NULL,
  `paid_amount` decimal(7,2) NOT NULL DEFAULT '0.00',
  `payment_method` varchar(120) CHARACTER SET utf8mb4 COLLATE utf8mb4_general_ci NOT NULL,
  `remark` varchar(50) CHARACTER SET utf8mb4 COLLATE utf8mb4_general_ci DEFAULT '0',
  `create_by` varchar(120) CHARACTER SET utf8mb4 COLLATE utf8mb4_general_ci DEFAULT NULL,
  `create_at` timestamp NULL DEFAULT CURRENT_TIMESTAMP,
  `total_amount` decimal(7,2) NOT NULL,
  PRIMARY KEY (`id`),
  KEY `customer_id` (`customer_id`),
  KEY `user_id` (`user_id`),
  CONSTRAINT `orders_ibfk_1` FOREIGN KEY (`customer_id`) REFERENCES `customers` (`id`),
  CONSTRAINT `orders_ibfk_2` FOREIGN KEY (`user_id`) REFERENCES `users` (`id`)
) ENGINE=InnoDB AUTO_INCREMENT=734 DEFAULT CHARSET=utf8mb4 COLLATE=utf8mb4_general_ci;
/*!40101 SET character_set_client = @saved_cs_client */;

--
-- Dumping data for table `orders`
--

LOCK TABLES `orders` WRITE;
/*!40000 ALTER TABLE `orders` DISABLE KEYS */;
INSERT INTO `orders` VALUES (5,'INV005',4,8,0.00,'Crypto',NULL,'ranh','2025-04-18 18:39:11',2.00),(6,'INV006',4,8,0.00,'Crypto',NULL,'ranh','2025-04-18 18:49:50',4.00),(7,'INV007',6,8,0.00,'Crypto',NULL,'ranh','2025-04-18 18:55:03',2.00),(8,'INV008',6,8,0.00,'Cash',NULL,'ranh','2025-04-18 18:58:13',2.00),(9,'INV009',4,16,0.00,'Cash','0','lan','2025-04-18 18:59:45',2.00),(10,'INV010',4,8,0.00,'Crypto',NULL,'ranh','2025-04-19 04:17:04',4.00),(11,'INV011',4,8,0.00,'Crypto','0','ranh','2025-04-19 05:10:51',4.00),(12,'INV012',4,8,0.00,'Cash','0','ranh','2025-04-19 06:02:48',2.00),(13,'INV013',4,8,0.00,'Cash','0','ranh','2025-04-19 06:33:42',4.00),(14,'INV014',4,8,0.00,'Cash','0','ranh','2025-04-19 11:52:51',2.00),(15,'INV015',4,8,0.00,'Cash','0','ranh','2025-04-19 14:25:07',2.00),(16,'INV016',4,8,0.00,'Cash','0','ranh','2025-04-19 14:26:20',2.00),(17,'INV017',6,8,0.00,'Cash','0','ranh','2025-04-19 14:27:28',8.00),(18,'INV018',4,8,0.00,'Cash','0','ranh','2025-04-19 14:29:01',8.00),(19,'INV019',4,8,0.00,'Cash','0','ranh','2025-04-19 14:29:27',4.00),(20,'INV020',4,8,0.00,'Cash','0','ranh','2025-04-19 14:30:44',4.00),(21,'INV021',4,8,0.00,'Cash','0','ranh','2025-04-19 14:32:01',2.00),(22,'INV022',4,8,0.00,'Cash','0','ranh','2025-04-19 15:32:01',2.00),(23,'INV023',4,8,0.00,'Crypto','0','ranh','2025-04-19 15:42:01',8.00),(24,'INV024',4,8,0.00,'Cash','0','ranh','2025-04-19 15:53:56',14.00),(25,'INV025',4,8,0.00,'Cash','2','ranh','2025-04-19 15:54:34',2.00),(26,'INV026',4,8,0.00,'Cash',NULL,'ranh','2025-04-19 16:03:22',6.00),(27,'INV027',4,8,0.00,'Cash',NULL,'ranh','2025-04-19 16:16:08',10.00),(28,'INV028',4,8,0.00,'Cash','0','ranh','2025-04-20 05:37:25',2.00),(29,'INV029',4,8,0.00,'Crypto','2.0','ranh','2025-04-20 09:35:24',4.00),(30,'INV030',4,8,0.00,'ABA','0','ranh','2025-04-20 15:59:38',2.00),(31,'INV031',4,8,0.00,'ABA','0','ranh','2025-04-20 16:04:30',6.00),(32,'INV032',4,8,0.00,'Cash','0','ranh','2025-04-20 16:30:43',2.00),(33,'INV033',4,8,0.00,'Cash','0','ranh','2025-04-20 16:34:48',4.00),(34,'INV034',4,8,0.00,'Cash','0','ranh','2025-04-20 17:37:21',2.00),(35,'INV035',4,16,0.00,'Cash','0','lan','2025-04-20 17:42:04',4.00),(36,'INV036',4,16,0.00,'Cash','0','lan','2025-04-20 17:42:27',4.00),(37,'INV037',4,16,0.00,'Cash','0','lan','2025-04-20 17:50:12',2.00),(38,'INV038',4,16,6.00,'ABA',NULL,'lan','2025-04-20 17:54:55',6.00),(39,'INV039',6,16,3.00,'Cash','0','lan','2025-04-20 18:01:30',4.00),(40,'INV040',4,16,5.00,'Cash','0','lan','2025-04-20 18:06:15',4.00),(41,'INV041',4,1,3.50,'Crypto','0','ranh','2025-04-21 15:03:05',4.00),(42,'INV042',4,1,7.50,'Crypto','0','ranh','2025-04-21 15:04:01',8.00),(43,'INV043',6,1,9.50,'ABA','0','ranh','2025-04-21 15:04:43',10.00),(44,'INV044',6,1,10.00,'Crypto','0','ranh','2025-04-21 15:10:48',10.00),(45,'INV045',4,1,7.50,'Crypto','0','ranh','2025-04-21 15:12:25',8.00),(46,'INV046',4,1,3.50,'Cash','0','ranh','2025-04-21 15:13:49',4.00),(47,'INV047',4,1,1.25,'Cash','0','ranh','2025-04-21 15:14:56',1.00),(48,'INV048',6,1,1.25,'Crypto','0','ranh','2025-04-21 15:28:34',1.25),(49,'INV049',4,1,3.25,'Cash','0','ranh','2025-04-21 16:46:16',3.25),(50,'INV050',NULL,1,0.00,'Cash',NULL,'ranh','2025-04-22 20:06:19',2.00),(51,'INV051',NULL,1,3.25,'Wing','0','ranh','2025-04-22 20:07:19',3.25),(52,'INV052',NULL,1,1.25,'Cash','0','ranh','2025-04-23 09:23:00',1.25),(53,'INV053',NULL,6,2.00,'Crypto','0','lan','2025-04-23 09:26:11',2.00),(54,'INV054',NULL,6,1.25,'Acleda',NULL,'lan','2025-04-23 09:31:11',1.25),(55,'INV055',NULL,6,2.00,'Cash',NULL,'lan','2025-04-23 09:33:15',2.00),(56,'INV056',NULL,NULL,2.00,'Cash','0',NULL,'2025-04-23 15:10:56',2.00),(57,'INV057',NULL,NULL,3.25,'Crypto','0',NULL,'2025-04-23 15:16:13',3.25),(58,'INV058',NULL,NULL,4.00,'Cash','0',NULL,'2025-04-23 15:17:03',4.00),(59,'INV059',NULL,NULL,2.00,'Cash','0',NULL,'2025-04-23 15:27:04',2.00),(60,'INV060',NULL,NULL,2.00,'Cash','0',NULL,'2025-04-23 15:30:35',2.00),(61,'INV061',NULL,NULL,2.00,'Cash','0',NULL,'2025-04-23 15:33:50',2.00),(62,'INV062',NULL,NULL,2.00,'Cash','0',NULL,'2025-04-23 15:35:12',2.00),(63,'INV063',NULL,NULL,2.00,'Cash','0',NULL,'2025-04-23 15:41:26',2.00),(64,'INV064',7,NULL,2.00,'ABA','0',NULL,'2025-04-23 16:06:33',2.00),(65,'INV065',4,NULL,1.00,'Cash','0',NULL,'2025-04-23 16:17:51',2.00),(66,'INV066',4,NULL,2.00,'Cash','0',NULL,'2025-04-23 16:23:15',2.00),(67,'INV067',4,1,1.25,'Cash','0','ranh','2025-04-23 16:26:08',1.25),(68,'INV068',4,NULL,2.00,'Cash','0',NULL,'2025-04-23 16:34:04',2.00),(69,'INV069',4,NULL,2.00,'Cash','0',NULL,'2025-04-23 16:41:03',2.00),(70,'INV070',4,1,2.00,'Cash','0','ranh','2025-04-23 16:52:14',2.00),(71,'INV071',4,NULL,2.00,'Cash','0',NULL,'2025-04-23 17:18:05',2.00),(72,'INV072',4,NULL,2.00,'Cash','0',NULL,'2025-04-23 17:22:21',2.00),(73,'INV073',6,1,1.25,'Cash','0','ranh','2025-04-23 17:24:26',1.25),(74,'INV074',4,29,1.25,'Cash','0','amz','2025-04-23 17:27:58',1.25),(75,'INV075',7,30,2.00,'Cash','0','ranhsamnang','2025-04-23 17:30:48',2.00),(76,'INV076',4,1,2.00,'Crypto','0','ranh','2025-04-24 13:42:49',2.00),(77,'INV077',7,1,2.00,'Cash','0','ranh','2025-04-24 13:44:08',2.00),(78,'INV078',4,1,2.00,'Cash','0','ranh','2025-04-24 18:25:26',2.00),(79,'INV079',4,1,2.00,'Cash','0','ranh','2025-04-25 05:55:19',2.00),(80,'INV080',7,1,0.00,'Crypto','0','ranh','2025-04-25 06:02:46',2.00),(81,'INV081',4,1,2.00,'Cash','0','ranh','2025-04-25 06:07:10',2.00),(82,'INV082',4,1,2.00,'Cash','0','ranh','2025-04-25 06:08:43',2.00),(83,'INV083',4,1,2.00,'Cash','0','ranh','2025-04-25 13:52:40',2.00),(84,'INV084',6,1,2.00,'Cash','0','ranh','2025-04-26 18:33:02',4.00),(85,'INV085',4,36,2.00,'Cash','0','dara','2025-04-27 05:07:52',2.00),(86,'INV086',7,36,1.25,'ABA','0','dara','2025-04-27 05:10:54',1.25),(87,'INV087',NULL,36,2.00,'Acleda','0','dara','2025-04-27 05:27:06',2.00),(88,'INV088',4,36,2.00,'ABA','0','dara','2025-04-27 05:27:41',2.00),(89,'INV089',4,36,2.00,'Cash','0','dara','2025-04-27 05:29:12',2.00),(90,'INV090',4,1,2.00,'Cash','0','ranh','2025-05-02 13:42:46',2.00),(91,'INV091',7,1,1.25,'Cash','0','ranh','2025-05-02 13:56:07',1.25),(92,'INV092',4,1,2.00,'Cash','0','ranh','2025-05-02 18:43:02',0.00),(93,'INV093',4,1,3.25,'Cash','0','ranh','2025-05-05 19:36:38',3.25),(94,'INV094',4,1,3.25,'Cash','0','ranh','2025-05-05 19:36:40',3.25),(95,'INV095',4,1,3.25,'Cash','0','ranh','2025-05-05 19:36:41',3.25),(96,'INV096',4,1,3.25,'Cash','0','ranh','2025-05-05 19:36:41',3.25),(97,'INV097',4,1,3.25,'Cash','0','ranh','2025-05-05 19:38:16',3.25),(98,'INV098',4,1,2.00,'Cash','0','ranh','2025-05-06 06:17:25',2.00),(99,'INV099',4,1,2.00,'Cash','0','ranh','2025-05-06 06:21:31',2.00),(100,'INV100',6,1,2.00,'Cash','0','ranh','2025-05-06 06:24:22',2.00),(101,'INV101',6,1,2.00,'Wing','0','ranh','2025-05-06 06:28:18',2.00),(102,'INV102',4,1,2.00,'Acleda','0','ranh','2025-05-06 06:30:40',2.00),(103,'INV103',4,1,2.00,'Wing','0','ranh','2025-05-06 06:33:07',2.00),(105,'INV104',6,1,2.00,'Cash','0','ranh','2025-05-07 15:49:35',1.25),(115,'INV106',4,1,3.00,'Cash','0','ranh','2025-05-08 17:07:06',4.00),(116,'INV116',4,1,3.00,'Cash','0','ranh','2025-05-08 17:07:19',4.00),(117,'INV117',4,1,3.00,'Cash','0','ranh','2025-05-08 17:07:32',4.00),(118,'INV118',4,1,3.00,'Cash','0','ranh','2025-05-08 17:07:33',4.00),(119,'INV119',4,1,3.00,'Cash','0','ranh','2025-05-08 17:07:34',4.00),(120,'INV120',4,1,3.00,'Cash','0','ranh','2025-05-08 17:07:34',4.00),(122,'INV121',4,1,3.00,'Cash','0','ranh','2025-05-08 17:08:01',3.25),(123,'INV123',4,1,3.00,'Cash','0','ranh','2025-05-08 17:08:02',3.25),(126,'INV124',4,1,3.00,'Cash','0','ranh','2025-05-08 17:08:50',3.25),(127,'INV127',6,1,1.00,'Cash',NULL,'ranh','2025-05-08 17:10:23',1.25),(128,'INV128',7,1,2.00,'Cash','0','ranh','2025-05-08 17:11:09',2.00),(137,'INV129',4,1,2.00,'Cash','0','ranh','2025-05-12 05:37:16',2.00),(139,'INV138',4,1,2.00,'Cash',NULL,'ranh','2025-05-12 05:39:51',2.00),(140,'INV140',6,1,2.00,'Cash','0','ranh','2025-05-12 05:42:24',2.00),(141,'INV141',6,1,2.00,'Cash','0','ranh','2025-05-12 10:49:14',2.00),(142,'INV142',4,1,2.00,'Cash','0','ranh','2025-05-12 17:00:59',2.00),(143,'INV143',4,1,1.00,'Cash','0','ranh','2025-05-12 17:07:04',1.25),(144,'INV144',6,1,2.00,'Cash','0','ranh','2025-05-14 10:56:12',2.00),(145,'INV145',6,1,2.00,'Wing','0','ranh','2025-05-14 10:58:23',2.00),(146,'INV146',6,1,4.00,'Cash',NULL,'ranh','2025-05-14 12:47:56',4.00),(147,'INV147',4,1,3.00,'Cash',NULL,'ranh','2025-05-14 19:09:06',2.00),(148,'INV148',4,1,2.00,'Cash',NULL,'ranh','2025-05-14 19:10:00',1.25),(149,'INV149',4,1,2.00,'Cash',NULL,'ranh','2025-05-14 20:09:26',1.25),(150,'INV150',4,1,5.00,'Cash',NULL,'ranh','2025-05-14 20:11:02',2.00),(151,'INV151',4,1,5.00,'Cash',NULL,'ranh','2025-05-14 21:04:01',2.00),(152,'INV152',4,1,4.00,'Cash',NULL,'ranh','2025-05-14 21:20:42',1.25),(153,'INV153',6,1,5.00,'Cash',NULL,'ranh','2025-05-14 21:22:39',2.00),(154,'INV154',6,1,5.00,'Cash',NULL,'ranh','2025-05-14 21:45:54',2.00),(155,'INV155',4,1,0.00,'Cash',NULL,'ranh','2025-05-14 21:53:33',1.25),(156,'INV156',4,1,0.00,'Cash',NULL,'ranh','2025-05-14 21:54:42',1.25),(157,'INV157',4,1,5.00,'Cash',NULL,'ranh','2025-05-14 22:03:53',2.00),(158,'INV158',6,1,10.00,'Cash','0','ranh','2025-05-14 22:04:26',6.50),(163,'INV159',4,1,10.00,'Cash',NULL,'ranh','2025-05-14 22:32:27',4.00),(164,'INV164',4,1,10.00,'Cash',NULL,'ranh','2025-05-14 22:55:12',0.00),(165,'INV165',4,1,10.00,'Cash',NULL,'ranh','2025-05-14 22:55:14',0.00),(166,'INV166',4,1,10.00,'Cash',NULL,'ranh','2025-05-14 22:55:15',0.00),(170,'INV167',4,1,5.00,'Cash',NULL,'ranh','2025-05-14 22:58:50',2.00),(171,'INV171',4,1,5.00,'Cash',NULL,'ranh','2025-05-14 22:58:57',2.00),(172,'INV172',7,1,5.00,'Cash',NULL,'ranh','2025-05-14 22:59:08',2.00),(177,'INV173',4,1,4.00,'Cash',NULL,'ranh','2025-05-14 22:59:44',2.00),(178,'INV178',4,1,4.00,'Cash',NULL,'ranh','2025-05-14 22:59:50',2.00),(179,'INV179',4,1,5.00,'Cash','0','ranh','2025-05-14 23:01:04',2.00),(180,'INV180',4,1,5.00,'Cash',NULL,'ranh','2025-05-14 23:11:07',2.00),(181,'INV181',4,1,5.00,'Wing',NULL,'ranh','2025-05-15 01:23:27',2.00),(182,'INV182',6,1,5.00,'ABA',NULL,'ranh','2025-05-15 01:24:19',3.25),(183,'INV183',4,1,20.00,'Cash',NULL,'ranh','2025-05-15 01:25:08',17.00),(184,'INV184',4,1,5.00,'Cash',NULL,'ranh','2025-05-15 01:33:12',2.00),(185,'INV185',7,1,5.00,'Crypto',NULL,'ranh','2025-05-15 01:48:23',3.25),(186,'INV186',4,1,5.00,'Cash',NULL,'ranh','2025-05-15 10:25:58',3.25),(187,'INV187',7,1,5.00,'Cash',NULL,'ranh','2025-05-15 10:48:34',2.00),(188,'INV188',4,1,2.00,'Cash',NULL,'ranh','2025-05-15 10:54:22',1.25),(189,'INV189',4,1,2.00,'Cash',NULL,'ranh','2025-05-15 10:55:04',1.25),(190,'INV190',4,1,2.00,'Cash',NULL,'ranh','2025-05-15 11:20:27',2.00),(191,'INV191',4,1,10.00,'Cash',NULL,'ranh','2025-05-15 19:45:23',5.25),(192,'INV192',7,1,10.00,'Cash',NULL,'ranh','2025-05-15 19:47:35',5.25),(193,'INV193',7,1,6.00,'ABA',NULL,'ranh','2025-05-15 19:48:53',5.25),(194,'INV194',4,1,5.00,'Cash',NULL,'ranh','2025-05-15 19:54:25',3.25),(195,'INV195',6,1,5.00,'Cash',NULL,'ranh','2025-05-15 19:55:22',3.25),(196,'INV196',4,1,5.00,'Cash',NULL,'ranh','2025-05-15 20:56:25',4.00),(197,'INV197',6,1,5.00,'Cash','0','ranh','2025-05-15 20:58:26',2.00),(198,'INV198',4,1,5.00,'Cash','0','ranh','2025-05-15 21:03:18',1.25),(199,'INV199',4,1,2.00,'Cash','0','ranh','2025-05-15 21:05:09',1.25),(200,'INV200',6,1,5.00,'Wing','0','ranh','2025-05-15 21:18:41',2.00),(201,'INV201',4,1,5.00,'Cash','0','ranh','2025-05-15 21:26:43',2.00),(202,'INV202',4,1,2.50,'Cash','0','ranh','2025-05-15 21:29:38',2.00),(203,'INV203',4,1,5.00,'Cash','0','ranh','2025-05-15 21:30:14',2.00),(204,'INV204',4,1,5.00,'Cash','0','ranh','2025-05-15 21:31:15',2.00),(205,'INV205',4,1,2.00,'Cash',NULL,'ranh','2025-05-15 21:32:20',1.50),(206,'INV206',4,1,5.00,'Cash',NULL,'ranh','2025-05-15 21:33:19',2.00),(207,'INV207',4,1,5.00,'Cash','0','ranh','2025-05-15 21:42:10',2.00),(208,'INV208',4,1,5.00,'Cash','0','ranh','2025-05-15 21:44:48',2.00),(209,'INV209',4,1,2.00,'Cash',NULL,'ranh','2025-05-15 21:46:15',1.50),(210,'INV210',4,1,5.00,'Cash',NULL,'ranh','2025-05-15 21:51:48',2.00),(211,'INV211',4,1,2.00,'Cash',NULL,'ranh','2025-05-15 21:53:26',2.00),(212,'INV212',4,1,5.00,'Cash','0','ranh','2025-05-15 21:58:22',2.00),(213,'INV213',4,1,5.00,'Cash','0','ranh','2025-05-15 22:04:24',2.00),(214,'INV214',4,1,2.00,'Cash','0','ranh','2025-05-15 22:06:16',2.00),(215,'INV215',4,1,2.00,'Cash','0','ranh','2025-05-15 22:07:52',2.00),(216,'INV216',7,1,5.00,'Cash','0','ranh','2025-05-15 22:11:26',1.25),(217,'INV217',4,1,5.00,'Cash',NULL,'ranh','2025-05-15 22:13:47',2.00),(218,'INV218',4,1,5.00,'Cash',NULL,'ranh','2025-05-15 22:14:17',2.00),(219,'INV219',4,1,5.00,'Cash','0','ranh','2025-05-15 22:35:19',2.00),(220,'INV220',4,1,5.00,'Cash','0','ranh','2025-05-15 22:36:29',2.00),(221,'INV221',4,1,3.00,'Cash','0','ranh','2025-05-15 22:40:13',2.00),(222,'INV222',6,1,5.00,'ABA',NULL,'ranh','2025-05-15 22:43:23',2.00),(223,'INV223',4,1,5.00,'Cash',NULL,'ranh','2025-05-15 22:46:06',2.00),(224,'INV224',4,1,5.00,'Cash','0','ranh','2025-05-15 22:52:56',2.00),(225,'INV225',4,1,4.00,'Cash','0','ranh','2025-05-15 23:05:14',2.00),(226,'INV226',4,1,5.00,'Cash','0','ranh','2025-05-16 09:49:54',2.00),(227,'INV227',6,1,3.00,'Cash','0','ranh','2025-05-16 09:51:40',2.00),(228,'INV228',7,1,2.00,'Cash','0','ranh','2025-05-16 09:53:30',1.25),(229,'INV229',6,1,5.00,'ABA','0','ranh','2025-05-16 09:56:38',2.00),(230,'INV230',6,1,4.00,'ABA','0','ranh','2025-05-16 09:57:07',2.00),(231,'INV231',4,1,5.00,'Cash','0','ranh','2025-05-16 09:58:02',1.25),(232,'INV232',NULL,1,5.00,'Cash','0','ranh','2025-05-16 10:01:48',2.00),(233,'INV233',NULL,1,5.00,'Cash','0','ranh','2025-05-16 10:04:16',2.00),(234,'INV234',NULL,1,5.00,'ABA','0','ranh','2025-05-16 10:06:44',2.00),(235,'INV235',NULL,1,3.00,'Cash','0','ranh','2025-05-16 10:10:43',1.25),(236,'INV236',NULL,1,5.00,'Cash','0','ranh','2025-05-16 10:11:31',2.00),(237,'INV237',NULL,1,5.00,'Cash','0','ranh','2025-05-16 10:12:25',1.25),(238,'INV238',NULL,1,5.00,'Cash','0','ranh','2025-05-16 10:15:30',2.00),(239,'INV239',NULL,1,5.00,'Cash','0','ranh','2025-05-16 10:24:02',2.00),(240,'INV240',NULL,1,5.00,'ABA','0','ranh','2025-05-16 10:24:22',2.00),(241,'INV241',NULL,1,5.00,'Cash','0','ranh','2025-05-16 10:28:30',2.00),(242,'INV242',NULL,1,5.00,'ABA','0','ranh','2025-05-16 10:28:52',2.00),(243,'INV243',NULL,1,5.00,'Wing','0','ranh','2025-05-16 10:33:07',2.00),(244,'INV244',NULL,36,5.00,'Crypto','0','vireak','2025-05-16 10:34:18',2.00),(245,'INV245',NULL,42,5.00,'ABA','0','srey la','2025-05-16 10:53:43',2.00),(246,'INV246',NULL,42,3.00,'ABA','0','srey la','2025-05-16 10:55:52',1.25),(247,'INV247',NULL,42,5.00,'ABA','0','srey la','2025-05-16 10:56:33',2.00),(248,'INV248',NULL,1,5.00,'ABA','0','ranh','2025-05-16 11:38:57',2.00),(249,'INV249',NULL,1,3.00,'ABA','0','ranh','2025-05-16 11:42:13',1.25),(250,'INV250',NULL,1,3.00,'ABA','0','ranh','2025-05-16 11:43:02',2.00),(251,'INV251',NULL,1,5.00,'Cash','0','ranh','2025-05-16 11:43:30',2.00),(252,'INV252',NULL,1,5.00,'ABA','0','ranh','2025-05-16 11:45:18',2.00),(253,'INV253',NULL,1,3.00,'ABA','0','ranh','2025-05-16 11:45:58',2.00),(254,'INV254',NULL,1,5.00,'ABA','0','ranh','2025-05-16 11:51:02',2.00),(255,'INV255',NULL,1,3.00,'ABA','0','ranh','2025-05-16 11:51:25',2.00),(256,'INV256',NULL,1,6.00,'ABA','0','ranh','2025-05-16 11:51:55',2.00),(257,'INV257',NULL,1,5.00,'ABA','0','ranh','2025-05-16 11:52:30',2.00),(258,'INV258',NULL,1,5.00,'ABA','0','ranh','2025-05-16 11:52:53',2.00),(259,'INV259',NULL,1,10.00,'ABA','0','ranh','2025-05-16 11:56:19',7.50),(260,'INV260',NULL,1,5.00,'Cash','0','ranh','2025-05-16 16:18:07',2.00),(261,'INV261',6,1,5.00,'Cash','0','ranh','2025-05-16 16:20:06',2.00),(262,'INV262',NULL,1,5.00,'Wing','0','ranh','2025-05-16 16:24:57',2.00),(263,'INV263',NULL,1,10.00,'Cash','0','ranh','2025-05-16 16:28:47',2.00),(264,'INV264',NULL,1,5.00,'Wing','0','ranh','2025-05-16 16:30:52',1.25),(265,'INV265',NULL,1,3.00,'Wing','0','ranh','2025-05-16 16:50:12',2.00),(266,'INV266',6,1,5.00,'Cash','0','ranh','2025-05-16 16:51:13',2.00),(267,'INV267',7,1,5.00,'Cash','0','ranh','2025-05-16 16:52:29',1.25),(268,'INV268',NULL,1,2.00,'Wing','0','ranh','2025-05-16 17:02:25',2.00),(269,'INV269',6,1,5.00,'Wing','0','ranh','2025-05-16 17:04:56',2.00),(270,'INV270',7,1,6.00,'Wing','0','ranh','2025-05-16 17:06:19',2.00),(271,'INV271',4,1,5.00,'Cash','0','ranh','2025-05-16 17:07:41',2.00),(272,'INV272',4,1,2.00,'Cash','0','ranh','2025-05-16 17:08:16',1.25),(273,'INV273',NULL,1,5.00,'Wing','0','ranh','2025-05-16 17:09:48',2.00),(274,'INV274',NULL,1,2.00,'Wing','0','ranh','2025-05-16 17:10:30',2.00),(275,'INV275',NULL,1,5.00,'Wing','0','ranh','2025-05-16 17:13:30',2.00),(276,'INV276',NULL,1,5.00,'Cash','0','ranh','2025-05-16 17:17:15',1.50),(277,'INV277',NULL,1,5.00,'Cash','0','ranh','2025-05-16 17:23:24',2.00),(278,'INV278',NULL,1,5.00,'Wing','0','ranh','2025-05-16 17:27:56',2.00),(279,'INV279',6,1,5.00,'Wing','0','ranh','2025-05-16 18:15:59',2.00),(280,'INV280',7,1,3.00,'ABA','0','ranh','2025-05-16 18:19:22',1.25),(281,'INV281',6,1,3.00,'Cash','0','ranh','2025-05-16 18:23:54',1.50),(282,'INV282',NULL,1,5.00,'ABA','0','ranh','2025-05-16 18:26:12',1.25),(283,'INV283',NULL,1,3.00,'Wing','0','ranh','2025-05-16 18:29:29',1.50),(284,'INV284',NULL,1,10.00,'Cash','0','ranh','2025-05-16 18:32:54',2.00),(285,'INV285',NULL,1,20.00,'Cash','0','ranh','2025-05-16 18:37:34',1.50),(287,'INV286',NULL,1,7.00,'ABA',NULL,'ranh','2025-05-18 08:45:21',2.00),(288,'INV288',NULL,1,20.00,'Acleda','','ranh','2025-05-18 08:47:42',4.00),(289,'INV289',NULL,1,33.00,'Acleda','','ranh','2025-05-18 08:49:39',2.00),(290,'INV290',NULL,1,10.00,'Cash',NULL,'ranh','2025-05-18 08:53:41',2.00),(291,'INV291',4,1,10.00,'Wing','0','ranh','2025-05-18 08:59:00',2.00),(292,'INV292',6,1,1.00,'Cash',NULL,'ranh','2025-05-18 09:00:51',2.00),(293,'INV293',6,36,5.00,'Wing','0','vireak','2025-05-18 09:11:56',2.00),(294,'INV294',4,36,10.00,'Cash',NULL,'vireak','2025-05-18 09:13:32',1.25),(295,'INV295',6,1,5.00,'Cash','0','ranh','2025-05-18 15:57:32',2.00),(296,'INV296',4,1,5.00,'ABA','0','ranh','2025-05-18 16:01:15',2.00),(297,'INV297',4,1,10.00,'Cash','0','ranh','2025-05-18 16:02:03',8.50),(298,'INV298',7,1,5.00,'ABA','0','ranh','2025-05-18 16:04:51',2.00),(299,'INV299',6,1,2.00,'Cash','','ranh','2025-05-23 08:58:09',2.00),(300,'INV300',6,1,5.00,'Cash','','ranh','2025-05-23 08:58:20',2.00),(301,'INV301',7,1,5.00,'Wing','0','ranh','2025-05-23 09:09:07',2.00),(302,'INV302',7,1,2.00,'Cash','0','ranh','2025-05-23 11:36:35',1.50),(303,'INV303',6,1,3.00,'Cash','0','ranh','2025-05-23 14:21:40',2.00),(304,'INV304',6,1,2.00,'Cash','0','ranh','2025-05-23 14:28:54',1.25),(305,'INV305',6,1,2.00,'ABA','0','ranh','2025-05-23 14:37:13',2.00),(306,'INV306',6,1,3.00,'Cash','0','ranh','2025-05-25 15:43:04',2.00),(307,'INV307',6,1,3.00,'Cash','0','ranh','2025-05-25 15:45:19',2.00),(308,'INV308',6,1,5.00,'Cash','0','ranh','2025-05-25 15:46:07',2.00),(309,'INV309',6,1,10.00,'Cash','0','ranh','2025-05-25 15:47:04',6.00),(310,'INV310',6,1,5.00,'Cash','0','ranh','2025-05-25 15:49:55',2.00),(311,'INV311',6,1,15.00,'Cash','0','ranh','2025-05-25 15:51:45',10.00),(312,'INV312',6,1,5.00,'Cash','0','ranh','2025-05-25 16:00:40',2.00),(313,'INV313',6,1,3.00,'Cash','0','ranh','2025-05-27 15:20:16',2.00),(314,'INV314',6,1,10.00,'Cash','0','ranh','2025-05-28 07:26:13',2.00),(315,'INV315',6,1,5.00,'Cash','0','ranh','2025-05-28 13:24:42',2.00),(316,'INV316',7,1,3.00,'Cash','0','ranh','2025-05-28 13:25:45',2.00),(317,'INV317',6,1,5.00,'Cash','0','ranh','2025-05-28 13:28:38',2.00),(318,'INV318',6,1,5.00,'Cash','0','ranh','2025-05-28 17:22:36',2.00),(319,'INV319',4,1,5.00,'Cash','0','ranh','2025-05-28 17:23:10',2.00),(320,'INV320',6,1,6.00,'Cash','0','ranh','2025-05-28 17:25:33',2.00),(321,'INV321',6,1,6.00,'Cash','0','ranh','2025-05-28 17:25:45',2.00),(322,'INV322',7,1,5.00,'Cash','0','ranh','2025-05-28 17:30:11',4.00),(323,'INV323',NULL,1,10.00,'Cash','0','ranh','2025-05-28 17:41:21',6.00),(324,'INV324',NULL,1,10.00,'Cash','0','ranh','2025-05-28 17:42:37',6.00),(325,'INV325',NULL,1,5.00,'Cash','0','ranh','2025-05-28 17:42:50',2.00),(326,'INV326',NULL,1,5.00,'Cash','0','ranh','2025-05-28 17:45:45',2.00),(327,'INV327',NULL,1,5.00,'ABA','0','ranh','2025-05-28 17:49:24',2.00),(328,'INV328',NULL,1,2.00,'ABA','0','ranh','2025-05-28 17:54:25',2.00),(329,'INV329',NULL,1,2.00,'ABA','0','ranh','2025-05-28 17:54:47',2.00),(330,'INV330',NULL,1,2.00,'ABA','0','ranh','2025-05-28 17:54:53',2.00),(331,'INV331',NULL,1,2.00,'ABA','0','ranh','2025-05-28 17:55:01',2.00),(332,'INV332',NULL,1,10.00,'Cash','0','ranh','2025-05-28 17:57:29',2.00),(333,'INV333',NULL,1,5.00,'Cash','0','ranh','2025-05-28 18:02:08',2.00),(334,'INV334',NULL,1,10.00,'Cash','0','ranh','2025-05-28 18:05:06',2.00),(335,'INV335',NULL,1,6.00,'ABA','0','ranh','2025-05-28 18:14:30',2.00),(336,'INV336',NULL,1,10.00,'Cash','0','ranh','2025-05-28 18:20:05',2.00),(337,'INV337',NULL,1,20.00,'Cash','0','ranh','2025-05-28 18:28:56',2.00),(338,'INV338',NULL,1,10.00,'Cash','0','ranh','2025-05-28 18:31:19',2.00),(339,'INV339',NULL,1,10.00,'Cash','0','ranh','2025-05-28 18:35:09',2.00),(340,'INV340',NULL,1,10.00,'Cash','0','ranh','2025-05-28 18:37:19',4.00),(341,'INV341',NULL,1,2.00,'Cash','0','ranh','2025-05-28 18:40:53',2.00),(342,'INV342',NULL,1,5.00,'Cash','0','ranh','2025-05-29 07:09:29',2.00),(343,'INV343',NULL,1,2.00,'Cash','0','ranh','2025-05-29 07:10:15',2.00),(344,'INV344',NULL,1,5.00,'Cash','0','ranh','2025-05-29 07:11:56',2.00),(345,'INV345',NULL,1,2.00,'Cash','0','ranh','2025-05-29 07:14:13',2.00),(346,'INV346',NULL,1,5.00,'Cash','0','ranh','2025-05-29 07:22:02',2.00),(347,'INV347',NULL,1,2.00,'Cash','0','ranh','2025-05-29 07:23:21',2.00),(348,'INV348',NULL,1,5.00,'ABA','0','ranh','2025-05-29 07:23:51',2.00),(349,'INV349',NULL,1,4.00,'Acleda','0','ranh','2025-05-29 07:25:53',2.00),(350,'INV350',NULL,1,5.00,'Cash','0','ranh','2025-05-29 07:31:08',2.00),(351,'INV351',NULL,1,10.00,'ABA','0','ranh','2025-05-29 07:46:23',2.00),(352,'INV352',NULL,1,10.00,'Cash','0','ranh','2025-05-29 07:51:35',2.00),(353,'INV353',NULL,1,5.00,'ABA','0','ranh','2025-05-29 07:54:07',2.00),(354,'INV354',NULL,1,3.00,'ABA','0','ranh','2025-05-29 07:59:00',2.00),(355,'INV355',NULL,1,10.00,'ABA','0','ranh','2025-05-29 07:59:41',8.00),(356,'INV356',NULL,1,2.00,'Cash','0','ranh','2025-05-29 08:00:19',2.00),(357,'INV357',6,1,5.00,'Cash','0','ranh','2025-05-29 08:05:11',2.00),(358,'INV358',6,1,5.00,'ABA','0','ranh','2025-05-29 08:06:54',2.00),(359,'INV359',7,1,5.00,'Cash','0','ranh','2025-05-29 08:24:56',1.50),(360,'INV360',6,1,10.00,'Cash','0','ranh','2025-05-29 15:51:42',6.00),(361,'INV361',4,1,10.00,'Cash','0','ranh','2025-06-02 13:39:19',2.00),(362,'INV362',6,1,5.00,'Cash','0','ranh','2025-06-04 06:08:33',2.00),(363,'INV363',7,1,10.00,'ABA','0','ranh','2025-06-04 06:32:21',4.00),(364,'INV364',6,1,10.00,'Cash','0','ranh','2025-06-04 06:33:32',2.00),(365,'INV365',4,1,5.00,'Cash','0','ranh','2025-06-04 12:57:29',2.00),(366,'INV366',6,1,10.00,'Acleda','0','ranh','2025-06-04 18:21:56',2.00),(367,'INV367',7,1,10.00,'Cash','0','ranh','2025-06-04 19:27:05',2.00),(368,'INV368',6,1,5.00,'ABA','0','ranh','2025-06-04 19:27:44',2.00),(369,'INV369',4,1,10.00,'Cash','0','ranh','2025-06-04 19:28:14',1.25),(370,'INV370',7,1,5.00,'Cash','0','ranh','2025-06-06 06:20:12',2.00),(371,'INV371',6,1,5.00,'Cash','0','ranh','2025-06-06 06:20:50',1.50),(372,'INV372',6,1,10.00,'Cash','0','ranh','2025-06-06 06:27:57',4.00),(373,'INV373',7,1,20.00,'ABA','0','ranh','2025-06-06 06:57:09',18.75),(377,'INV374',6,1,10.00,'Cash','0','ranh','2025-06-06 14:48:00',4.00),(378,'INV378',7,1,5.00,'Cash','0','ranh','2025-06-06 17:43:15',2.00),(379,'INV379',6,1,2.00,'Cash','0','ranh','2025-06-06 17:43:33',2.00),(380,'INV380',7,1,5.00,'ABA','0','ranh','2025-06-06 17:56:44',1.25),(381,'INV381',6,1,5.00,'Cash','0','ranh','2025-06-07 07:55:12',2.00),(382,'INV382',6,1,5.00,'Cash','0','ranh','2025-06-07 18:07:36',2.00),(383,'INV383',7,1,5.00,'Cash','0','ranh','2025-06-07 18:11:13',2.00),(384,'INV384',7,1,5.00,'Cash','0','ranh','2025-06-08 08:21:00',2.00),(385,'INV385',6,1,10.00,'Cash','0','ranh','2025-06-08 13:15:54',8.00),(388,'INV386',6,1,10.00,'Cash','0','ranh','2025-06-08 19:15:53',5.00),(389,'INV389',7,1,40.00,'Cash','0','ranh','2025-06-08 19:30:09',37.50),(390,'INV390',6,1,2.00,'ABA','0','ranh','2025-06-12 15:48:34',1.25),(391,'INV391',6,1,2.00,'Cash','0','ranh','2025-06-12 17:01:54',1.25),(392,'INV392',7,1,5.00,'cash','0','ranh','2025-06-12 17:02:30',2.50),(393,'INV393',4,1,1.50,'Cash','0','ranh','2025-06-12 17:18:34',1.25),(394,'INV394',4,1,2.50,'Cash','0','ranh','2025-06-12 17:19:07',2.50),(395,'INV395',6,1,10.00,'cash','0','ranh','2025-06-12 17:22:40',6.25),(396,'INV396',6,1,2.50,'Cash','0','ranh','2025-06-12 17:25:18',2.50),(397,'INV397',7,1,2.50,'Cash','0','ranh','2025-06-12 18:07:14',2.50),(398,'INV398',6,1,1.50,'Cash','0','ranh','2025-06-12 18:12:28',1.25),(399,'INV399',7,1,1.50,'cash','0','ranh','2025-06-12 18:13:49',1.25),(400,'INV400',6,1,1.50,'Cash','0','ranh','2025-06-12 18:26:37',1.25),(401,'INV401',6,1,2.50,'Cash','0','ranh','2025-06-13 12:58:26',2.50),(402,'INV402',4,1,1.50,'Cash','0','ranh','2025-06-13 13:03:01',1.25),(403,'INV403',4,1,20.00,'Cash','0','ranh','2025-06-13 13:08:04',11.25),(404,'INV404',6,1,1.50,'Cash','0','ranh','2025-06-13 13:08:23',1.25),(405,'INV405',6,1,1.50,'Cash','0','ranh','2025-06-13 13:08:31',1.25),(406,'INV406',6,1,1.50,'Cash','0','ranh','2025-06-13 13:09:02',1.25),(407,'INV407',6,1,5.00,'Cash','0','ranh','2025-06-13 13:17:08',3.75),(408,'INV408',7,1,5.00,'Cash','0','ranh','2025-06-13 13:20:28',2.50),(409,'INV409',7,1,5.00,'Cash','0','ranh','2025-06-13 13:20:33',2.50),(410,'INV410',7,1,5.00,'Cash','0','ranh','2025-06-13 13:20:37',2.50),(411,'INV411',6,1,1.50,'Cash','0','ranh','2025-06-13 13:21:02',1.25),(412,'INV412',7,1,3.00,'card','0','ranh','2025-06-13 13:26:41',2.50),(413,'INV413',6,1,1.50,'card','0','ranh','2025-06-13 13:27:38',1.25),(414,'INV414',7,1,2.50,'cash','0','ranh','2025-06-13 13:28:13',2.50),(415,'INV415',6,1,1.50,'card','0','ranh','2025-06-13 13:32:23',1.25),(416,'INV416',6,1,1.50,'Cash','0','ranh','2025-06-13 13:34:24',1.25),(417,'INV417',6,1,3.00,'Cash','0','ranh','2025-06-13 17:03:47',2.50),(418,'INV418',6,1,2.00,'Cash','0','ranh','2025-06-13 17:04:08',1.25),(419,'INV419',6,1,2.00,'Cash','0','ranh','2025-06-13 17:09:17',1.25),(420,'INV420',6,1,3.00,'Cash','0','ranh','2025-06-13 17:09:39',1.25),(421,'INV421',6,1,2.00,'card','0','ranh','2025-06-13 17:22:56',1.25),(422,'INV422',4,1,5.00,'Cash','0','ranh','2025-06-13 17:24:55',2.50),(423,'INV423',6,1,5.00,'Cash','0','ranh','2025-06-13 18:42:57',2.50),(424,'INV424',4,1,2.00,'Cash','0','ranh','2025-06-13 18:43:54',1.25),(425,'INV425',7,1,2.00,'Cash','0','ranh','2025-06-13 18:49:06',1.25),(426,'INV426',7,1,2.00,'Cash','0','ranh','2025-06-13 18:51:05',1.25),(427,'INV427',4,1,2.00,'card','0','ranh','2025-06-13 18:56:09',1.25),(428,'INV428',6,1,2.00,'Cash','0','ranh','2025-06-14 15:36:25',1.25),(429,'INV429',4,1,10.00,'cash','0','ranh','2025-06-14 15:37:56',7.50),(430,'INV430',6,1,3.00,'Cash','0','ranh','2025-06-14 15:42:13',2.50),(431,'INV431',7,36,5.00,'Cash','0','vireak','2025-06-14 15:43:08',2.50),(432,'INV432',7,36,2.00,'Cash','0','vireak','2025-06-14 15:43:28',1.25),(433,'INV433',6,1,5.00,'cash','0','ranh','2025-06-14 15:44:33',2.50),(434,'INV434',6,1,2.00,'cash','0','ranh','2025-06-14 18:30:25',1.50),(435,'INV435',6,1,2.00,'cash','0','ranh','2025-06-15 07:24:50',1.25),(436,'INV436',6,1,3.75,'qr','0','ranh','2025-06-16 21:34:00',3.75),(437,'INV437',7,1,2.50,'QR','0','ranh','2025-06-16 21:37:34',2.50),(438,'INV438',4,1,2.50,'QR','0','ranh','2025-06-16 21:39:07',2.50),(439,'INV439',4,1,2.50,'QR','0','ranh','2025-06-16 21:39:54',2.50),(440,'INV440',6,1,3.75,'QR','0','ranh','2025-06-16 21:41:07',3.75),(441,'INV441',6,1,7.75,'QR','0','ranh','2025-06-19 16:51:01',7.75),(444,'INV442',6,1,2.00,'QR','0','ranh','2025-06-20 17:06:43',1.25),(445,'INV445',4,1,2.50,'QR','0','ranh','2025-06-20 17:07:08',2.50),(447,'INV446',6,1,3.00,'QR','0','ranh','2025-06-20 17:27:51',1.25),(448,'INV448',6,1,2.00,'QR','0','ranh','2025-06-20 18:09:34',1.25),(449,'INV449',4,1,2.00,'QR','0','ranh','2025-06-20 18:12:22',1.25),(450,'INV450',6,1,2.00,'cash','0','Ranh','2025-06-29 14:06:30',1.25),(451,'INV451',7,1,2.00,'QR','0','Ranh','2025-06-29 14:34:02',1.25),(452,'INV452',6,1,5.00,'cash','0','Ranh','2025-06-29 14:48:46',1.25),(453,'INV453',6,1,2.00,'QR','0','Ranh','2025-06-29 15:15:33',1.25),(454,'INV454',6,1,5.00,'QR','0','Ranh','2025-06-29 15:29:09',1.25),(455,'INV455',6,1,5.00,'QR','0','Ranh','2025-06-29 18:53:59',1.25),(456,'INV456',7,1,2.00,'cash','0','Ranh','2025-06-29 19:08:14',1.25),(457,'INV457',7,1,2.00,'QR','0','Ranh','2025-06-30 04:13:09',1.25),(458,'INV458',6,1,2.00,'QR','0','Ranh','2025-06-30 04:18:59',1.25),(459,'INV459',6,1,5.00,'QR','0','Ranh','2025-06-30 09:07:47',1.25),(460,'INV460',6,1,2.00,'QR','0','Ranh','2025-06-30 17:08:01',1.25),(461,'INV461',6,36,2.00,'QR','0','vireak','2025-07-05 11:39:53',1.25),(462,'INV462',6,1,2.00,'QR','0','Ranh','2025-07-05 18:21:48',1.25),(463,'INV463',6,1,2.00,'QR','0','Ranh','2025-07-06 14:11:03',1.25),(464,'INV464',6,1,2.00,'QR','0','Ranh','2025-07-06 14:31:58',1.25),(465,'INV465',4,1,3.00,'QR','0','Ranh','2025-07-06 14:32:10',1.25),(466,'INV466',4,1,2.00,'QR','0','Ranh','2025-07-06 14:40:19',1.25),(467,'INV467',4,1,2.00,'QR','0','Ranh','2025-07-06 14:41:12',1.25),(468,'INV468',6,1,2.00,'QR','0','Ranh','2025-07-06 14:41:50',1.25),(469,'INV469',6,1,5.00,'QR','0','Ranh','2025-07-06 14:50:30',1.25),(470,'INV470',7,1,2.00,'QR','0','Ranh','2025-07-06 14:51:15',1.25),(471,'INV471',6,1,2.00,'QR','0','Ranh','2025-07-06 14:57:08',1.25),(472,'INV472',6,1,5.00,'QR','0','Ranh','2025-07-06 14:58:00',1.25),(473,'INV473',4,1,10.00,'QR','0','Ranh','2025-07-06 15:08:57',6.25),(474,'INV474',7,36,5.00,'QR','0','vireak','2025-07-06 15:13:53',1.25),(475,'INV475',6,36,1.25,'QR','0','vireak','2025-07-06 17:43:18',1.25),(476,'INV476',4,36,1.25,'QR','0','vireak','2025-07-06 17:45:00',1.25),(477,'INV477',4,1,2.00,'QR','0','Ranh','2025-07-07 05:21:31',1.25),(478,'INV478',6,1,1.50,'QR','0','Ranh','2025-07-07 05:22:47',1.25),(479,'INV479',6,1,1.25,'QR','0','Ranh','2025-07-07 05:42:06',1.25),(480,'INV480',4,1,2.00,'QR','0','Ranh','2025-07-07 05:44:30',1.25),(481,'INV481',7,1,2.00,'QR','0','Ranh','2025-07-07 05:45:28',1.25),(482,'INV482',4,1,2.00,'QR','0','Ranh','2025-07-07 05:55:12',1.25),(483,'INV483',7,1,2.00,'QR','0','Ranh','2025-07-07 06:02:59',1.25),(484,'INV484',7,1,2.00,'QR','0','Ranh','2025-07-07 06:22:11',1.25),(485,'INV485',6,1,2.00,'QR','0','Ranh','2025-07-07 06:28:59',1.25),(486,'INV486',4,1,1.50,'QR','0','Ranh','2025-07-07 08:04:21',1.25),(487,'INV487',6,1,1.50,'QR','0','Ranh','2025-07-07 08:23:17',1.25),(488,'INV488',7,1,1.50,'QR','0','Ranh','2025-07-07 08:28:59',1.25),(489,'INV489',6,1,1.50,'QR','0','Ranh','2025-07-07 08:29:23',1.25),(490,'INV490',7,1,2.00,'QR','0','Ranh','2025-07-07 08:40:16',1.25),(496,'INV491',6,1,1.50,'QR','0','Ranh','2025-07-07 09:07:01',1.25),(497,'INV497',6,1,2.00,'QR','0','Ranh','2025-07-07 17:11:10',1.25),(498,'INV498',6,1,4.00,'QR','0','Ranh','2025-07-08 13:28:17',3.75),(499,'INV499',7,1,1.50,'QR','0','Ranh','2025-07-08 13:44:27',1.25),(500,'INV500',6,36,1.50,'QR','0','vireak','2025-07-08 15:07:20',1.25),(501,'INV501',6,36,2.50,'QR','0','vireak','2025-07-08 15:53:38',2.50),(502,'INV502',7,36,2.50,'QR','0','vireak','2025-07-08 15:56:54',2.50),(503,'INV503',4,36,1.50,'QR','0','vireak','2025-07-08 15:57:59',1.25),(504,'INV504',6,36,1.50,'cash','0','vireak','2025-07-09 06:11:35',1.25),(505,'INV505',7,1,1.50,'QR','0','Ranh','2025-07-09 07:02:44',1.25),(506,'INV506',6,1,4.00,'QR','0','Ranh','2025-07-09 13:46:56',3.75),(507,'INV507',7,36,1.50,'QR','0','vireak','2025-07-09 14:20:19',1.25),(508,'INV508',7,1,1.50,'QR','0','Ranh','2025-07-09 17:08:14',1.25),(509,'INV509',6,1,1.50,'QR','0','Ranh','2025-07-09 17:27:05',1.25),(510,'INV510',4,1,1.50,'QR','0','Ranh','2025-07-09 17:27:45',1.25),(511,'INV511',7,1,1.50,'QR','0','Ranh','2025-07-09 17:31:25',1.25),(512,'INV512',6,1,1.50,'QR','0','Ranh','2025-07-10 06:48:04',1.25),(513,'INV513',4,1,1.50,'QR','0','Ranh','2025-07-10 06:49:18',1.25),(514,'INV514',6,1,1.50,'QR','0','Ranh','2025-07-10 06:58:39',1.25),(515,'INV515',4,1,4.00,'Cash','0','Ranh','2025-07-10 07:03:43',3.75),(516,'INV516',4,1,1.50,'QR','0','Ranh','2025-07-10 07:10:54',1.25),(517,'INV517',6,1,2.50,'QR','0','Ranh','2025-07-10 12:50:54',2.50),(518,'INV518',6,1,1.50,'QR','0','Ranh','2025-07-11 01:58:59',1.25),(519,'INV519',6,1,1.50,'QR','0','Ranh','2025-07-11 01:59:59',1.25),(520,'INV520',4,1,5.00,'QR','0','Ranh','2025-07-11 02:33:16',5.00),(521,'INV521',7,1,2.00,'QR','','Ranh','2025-07-12 16:03:15',1.25),(522,'INV522',6,1,1.25,'QR','0','Ranh','2025-07-12 16:07:49',1.25),(523,'INV523',6,1,1.50,'QR','0','Ranh','2025-07-13 14:48:08',1.25),(524,'INV524',6,1,1.50,'QR','0','Ranh','2025-07-13 14:48:35',1.25),(525,'INV525',6,1,1.50,'QR','0','Ranh','2025-07-13 14:48:38',1.25),(526,'INV526',6,1,1.50,'QR','0','Ranh','2025-07-13 14:51:24',1.25),(527,'INV527',4,1,1.50,'QR','0','Ranh','2025-07-13 14:54:18',1.25),(528,'INV528',4,1,1.50,'QR','0','Ranh','2025-07-13 14:55:54',1.25),(529,'INV529',4,1,11.50,'QR','0','Ranh','2025-07-13 17:02:55',11.25),(530,'INV530',6,1,7.50,'QR','0','Ranh','2025-07-13 17:07:24',7.50),(531,'INV531',4,1,6.50,'QR','0','Ranh','2025-07-13 17:12:19',6.25),(532,'INV532',7,1,7.50,'QR','0','Ranh','2025-07-13 17:16:20',7.50),(533,'INV533',6,36,11.25,'QR','0','Vireak','2025-07-13 17:26:20',11.25),(534,'INV534',4,1,11.25,'QR','0','Ranh','2025-07-15 06:19:51',11.25),(535,'INV535',6,1,10.00,'QR','0','Ranh','2025-07-15 06:21:03',10.00),(536,'INV536',7,1,12.50,'QR','0','Ranh','2025-07-15 08:12:15',12.50),(537,'INV537',7,1,3.75,'QR','0','Ranh','2025-07-16 06:36:58',3.75),(538,'INV538',6,1,4.00,'QR','0','Ranh','2025-07-16 07:03:28',3.75),(539,'INV539',4,1,5.00,'QR','0','Ranh','2025-07-16 07:51:57',5.00),(540,'INV540',4,1,11.50,'QR','0','Ranh','2025-07-16 08:28:08',11.50),(541,'INV541',7,36,4.00,'cash','0','Vireak','2025-07-17 03:31:13',3.75),(542,'INV542',6,36,2.50,'QR','0','Vireak','2025-07-17 06:42:34',2.50),(543,'INV543',6,36,2.50,'cash','0','Vireak','2025-07-17 09:56:25',2.50),(544,'INV544',7,36,3.00,'QR','0','Vireak','2025-07-17 10:46:06',3.00),(545,'INV545',6,36,4.00,'QR','0','Vireak','2025-07-17 12:13:25',4.00),(546,'INV546',7,36,2.50,'QR','0','Vireak','2025-07-18 12:52:23',2.50),(547,'INV547',4,36,3.75,'cash','0','Vireak','2025-07-19 13:58:18',3.75),(548,'INV548',6,1,2.50,'QR','0','Ranh','2025-07-20 16:35:56',2.50),(549,'INV549',4,1,5.75,'QR','0','Ranh','2025-07-26 16:19:11',5.75),(550,'INV550',6,1,2.75,'cash','0','Ranh','2025-07-26 16:19:40',2.75),(551,'INV551',4,1,3.75,'QR','0','Ranh','2025-07-26 16:41:42',3.75),(552,'INV552',6,1,5.00,'QR','0','Ranh','2025-07-27 20:02:07',5.00),(553,'INV553',7,1,3.75,'QR','0','Ranh','2025-07-27 20:15:52',3.75),(554,'INV554',6,36,1.25,'QR','0','Vireak','2025-07-28 16:37:45',1.25),(555,'INV555',7,1,2.75,'QR','0','Ranh','2025-07-29 16:16:42',2.75),(556,'INV556',4,36,1.50,'Cash','0','Vireak','2025-08-01 07:55:51',1.25),(557,'INV557',4,1,2.75,'QR','0','Ranh','2025-08-02 08:04:38',2.75),(558,'INV558',4,36,1.25,'QR','0','Vireak','2025-08-02 08:16:50',1.25),(559,'INV559',4,36,4.00,'Cash','0','Vireak','2025-08-02 08:44:28',4.00),(560,'INV560',4,1,5.00,'Cash','0','Ranh','2025-08-03 07:01:10',4.00),(561,'INV561',6,36,2.00,'Cash','0','Vireak','2025-08-04 20:20:36',2.00),(562,'INV562',6,1,2.50,'Cash','0','Ranh','2025-08-06 19:02:51',2.50),(563,'INV563',6,1,5.25,'Cash','0','Ranh','2025-08-07 02:12:36',5.25),(564,'INV564',6,1,2.75,'Cash','0','Ranh','2025-08-07 02:30:46',2.75),(565,'INV565',6,1,8.00,'Cash','0','Ranh','2025-08-07 02:31:12',6.00),(566,'INV566',6,1,3.50,'Cash','0','Ranh','2025-08-07 02:47:10',3.50),(567,'INV567',6,1,12.50,'Cash','0','Ranh','2025-08-07 06:51:09',6.50),(568,'INV568',6,1,5.00,'Cash','0','Ranh','2025-08-07 18:12:50',4.00),(569,'INV569',4,1,2.50,'Cash','0','Ranh','2025-08-07 18:13:35',1.25),(570,'INV570',7,1,5.00,'Cash','0','Ranh','2025-08-07 18:16:02',4.00),(571,'INV571',6,36,3.25,'QR','0','Vireak','2025-08-07 18:24:43',3.25),(572,'INV572',4,1,12.50,'Cash','0','Ranh','2025-08-10 05:37:31',4.00),(573,'INV573',6,36,5.00,'Cash','0','Vireak','2025-08-10 07:20:22',2.00),(574,'INV574',7,36,2.50,'Cash','0','Vireak','2025-08-10 07:21:47',2.00),(575,'INV575',6,36,2.50,'Cash','0','Vireak','2025-08-10 07:23:33',2.00),(576,'INV576',6,1,5.00,'Cash','0','Ranh','2025-08-11 06:30:39',4.00),(577,'INV-577',6,1,5.00,'Cash','0','Ranh','2025-08-12 09:10:21',3.25),(578,'INV-578',6,1,2.50,'Cash','0','Ranh','2025-08-14 13:52:38',1.25),(579,'INV-579',6,1,5.00,'Cash','0','Ranh','2025-08-14 14:16:25',4.00),(580,'INV-580',18,1,5.00,'Cash','0','Ranh','2025-08-17 08:50:24',2.00),(581,'INV-581',18,1,8.50,'QR','0','Ranh','2025-08-17 08:53:07',8.50),(582,'INV-582',18,1,5.00,'Cash','0','Ranh','2025-08-17 08:59:06',4.00),(583,'INV-583',18,1,5.00,'Cash','0','Ranh','2025-08-17 17:09:12',2.00),(584,'INV-584',18,1,2.50,'Cash','0','Ranh','2025-08-17 17:17:46',2.00),(585,'INV-585',6,1,5.00,'Cash','0','Ranh','2025-08-17 17:23:55',2.00),(586,'INV-586',18,1,2.50,'Cash','0','Ranh','2025-08-17 17:28:22',1.50),(587,'INV-587',6,1,2.50,'Cash','0','Ranh','2025-08-17 17:37:58',2.00),(588,'INV-588',18,36,2.50,'Cash','0','Vireak','2025-08-19 17:21:31',2.00),(589,'INV-589',18,36,2.50,'Cash','0','Vireak','2025-08-23 10:51:17',1.25),(590,'INV-590',18,1,2.50,'Cash','0','Ranh','2025-08-24 05:01:42',1.25),(591,'INV-591',18,1,2.00,'QR','0','Ranh','2025-08-25 07:54:10',2.00),(592,'INV-592',18,1,65.00,'Cash','0','Ranh','2025-08-28 02:11:30',62.00),(593,'INV-593',18,1,100.00,'Cash','0','Ranh','2025-08-28 02:22:27',70.00),(594,'INV-594',18,1,4.00,'QR','0','Ranh','2025-09-12 14:54:33',4.00),(595,'INV-595',18,1,5.00,'Cash','0','Ranh','2025-09-12 20:55:13',2.00),(596,'INV-596',18,1,2.50,'Cash','0','Ranh','2025-09-12 22:14:28',2.00),(597,'INV-597',18,1,2.50,'Cash','0','Ranh','2025-09-12 22:15:07',2.00),(598,'INV-598',18,1,1.50,'QR','0','Ranh','2025-09-13 22:39:29',1.50),(599,'INV-599',18,36,2.25,'Cash','0','Vireak','2025-09-13 22:41:18',1.25),(600,'INV-600',18,1,2.00,'QR','0','Ranh','2025-09-13 22:46:02',2.00),(601,'INV-601',18,42,2.50,'Cash','0','Nana','2025-09-14 05:39:54',2.00),(602,'INV-602',18,36,0.00,'QR','0','Vireak','2025-09-14 06:57:46',2.00),(603,'INV-603',18,36,0.00,'QR','0','Vireak','2025-09-14 06:58:02',2.00),(604,'INV-604',18,36,0.00,'QR','0','Vireak','2025-09-14 06:58:49',2.00),(605,'INV-605',18,36,0.00,'QR','0','Vireak','2025-09-14 07:01:11',2.00),(606,'INV-606',18,36,0.00,'QR','0','Vireak','2025-09-14 07:07:13',2.00),(607,'INV-607',18,36,5.00,'Cash','0','Vireak','2025-09-14 07:08:05',4.00),(608,'INV-608',18,36,0.00,'QR','0','Vireak','2025-09-14 07:08:22',2.00),(609,'INV-609',18,36,0.00,'QR','0','Vireak','2025-09-14 07:09:17',2.00),(610,'INV-610',18,42,0.00,'QR','0','Nana','2025-09-14 07:11:11',2.00),(611,'INV-611',18,42,0.00,'QR','0','Nana','2025-09-14 07:12:45',2.00),(612,'INV-612',18,36,0.00,'QR','0','Vireak','2025-09-14 07:17:42',4.00),(613,'INV-613',18,36,0.00,'QR','0','Vireak','2025-09-14 07:19:34',2.75),(614,'INV-614',18,36,0.00,'QR','0','Vireak','2025-09-14 07:20:24',3.25),(615,'INV-615',18,36,0.00,'QR','0','Vireak','2025-09-14 07:21:23',2.00),(616,'INV-616',18,1,0.00,'QR','0','Ranh','2025-09-14 15:16:44',3.00),(617,'INV-617',18,1,2.50,'Cash','0','Ranh','2025-09-14 15:20:46',2.00),(618,'INV-618',18,36,0.00,'QR','0','Vireak','2025-09-14 15:25:00',1.50),(619,'INV-619',18,36,0.00,'QR','0','Vireak','2025-09-14 15:25:49',1.50),(620,'INV-620',18,36,0.00,'QR','0','Vireak','2025-09-14 15:26:40',2.00),(621,'INV-621',18,36,0.00,'QR','0','Vireak','2025-09-14 15:27:01',1.50),(622,'INV-622',18,36,0.00,'QR','0','Vireak','2025-09-14 15:28:08',3.00),(623,'INV-623',18,36,0.00,'QR','0','Vireak','2025-09-14 15:35:19',4.25),(624,'INV-624',18,36,0.00,'QR','0','Vireak','2025-09-14 15:35:27',4.25),(625,'INV-625',18,36,0.00,'QR','0','Vireak','2025-09-14 15:35:50',4.00),(626,'INV-626',18,36,0.00,'QR','0','Vireak','2025-09-15 16:01:37',2.00),(627,'INV-627',18,36,2.00,'Cash','0','Vireak','2025-09-15 16:07:14',2.00),(628,'INV-627',18,36,2.00,'Cash','0','Vireak','2025-09-15 16:07:14',2.00),(629,'INV-627',18,36,2.00,'Cash','0','Vireak','2025-09-15 16:07:14',2.00),(630,'INV-630',18,36,0.00,'QR','0','Vireak','2025-09-15 17:43:26',2.00),(631,'INV-631',18,36,0.00,'QR','0','Vireak','2025-09-15 17:53:13',4.00),(632,'INV-632',18,36,0.00,'QR','0','Vireak','2025-09-15 18:03:20',4.00),(633,'INV-633',18,36,0.00,'QR','0','Vireak','2025-09-15 18:09:40',4.00),(634,'INV-634',18,1,0.00,'QR','0','Ranh','2025-09-15 18:22:00',2.00),(635,'INV-635',18,36,0.00,'QR','0','Vireak','2025-09-16 15:44:12',1.25),(636,'INV-636',18,36,0.00,'QR','0','Vireak','2025-09-16 16:00:40',1.25),(637,'INV-637',18,36,2.00,'QR','0','Vireak','2025-09-16 16:29:48',2.00),(638,'INV-638',18,36,1.25,'QR','0','Vireak','2025-09-16 16:34:39',1.25),(639,'INV-639',18,36,3.50,'QR','0','Vireak','2025-09-16 16:37:02',3.50),(640,'INV-640',18,36,2.50,'Cash','0','Vireak','2025-09-16 16:38:24',1.25),(641,'INV-641',18,36,0.00,'QR','0','Vireak','2025-09-16 16:38:43',1.50),(642,'INV-642',18,36,0.00,'QR','0','Vireak','2025-09-16 16:41:43',2.00),(643,'INV-643',18,36,2.00,'QR','0','Vireak','2025-09-16 16:46:57',2.00),(644,'INV-644',18,1,2.00,'QR','0','Ranh','2025-09-16 17:26:02',2.00),(645,'INV-645',4,1,2.00,'QR','0','Ranh','2025-09-16 17:35:48',2.00),(646,'INV-646',4,1,4.00,'QR','0','Ranh','2025-09-16 17:38:19',4.00),(647,'INV-647',18,1,3.25,'QR','0','Ranh','2025-09-16 17:40:05',3.25),(648,'INV-648',18,1,3.50,'QR','0','Ranh','2025-09-16 18:13:17',3.50),(649,'INV-649',18,1,1.25,'QR','0','Ranh','2025-09-16 18:16:26',1.25),(650,'INV-650',1,1,3.25,'QR','0','Ranh','2025-09-17 18:25:48',3.25),(651,'INV-651',1,1,1.50,'QR','0','Ranh','2025-09-17 18:28:47',1.50),(652,'INV-652',1,1,5.00,'Cash','0','Ranh','2025-09-17 18:29:35',4.00),(653,'INV-653',1,1,0.00,'QR','0','Ranh','2025-09-18 18:08:15',3.50),(654,'INV-654',1,1,0.00,'QR','0','Ranh','2025-09-18 18:09:37',1.25),(655,'INV-655',1,1,2.00,'QR','0','Ranh','2025-09-18 18:11:49',2.00),(656,'INV-656',1,1,2.00,'QR','0','Ranh','2025-09-18 18:15:16',2.00),(657,'INV-657',1,1,3.25,'QR','0','Ranh','2025-09-18 18:16:38',3.25),(658,'INV-658',1,1,4.00,'QR','0','Ranh','2025-09-18 18:18:53',4.00),(659,'INV-659',1,1,2.50,'Cash','0','Ranh','2025-09-18 18:31:47',2.00),(660,'INV-660',1,42,2.00,'QR','0','Nana','2025-09-23 16:14:08',2.00),(661,'INV-661',1,42,2.00,'QR','0','Nana','2025-09-23 16:31:26',2.00),(662,'INV-662',1,42,2.75,'QR','0','Nana','2025-09-23 16:38:50',2.75),(663,'INV-663',1,42,4.00,'QR','0','Nana','2025-09-23 16:42:06',4.00),(664,'INV-664',1,42,3.25,'QR','0','Nana','2025-09-23 16:43:20',3.25),(665,'INV-665',1,42,2.00,'QR','0','Nana','2025-09-23 16:44:26',2.00),(666,'INV-666',1,1,2.50,'Cash','0','Ranh','2025-09-24 06:56:15',2.00),(667,'INV-667',1,1,2.50,'Cash','0','Ranh','2025-09-24 07:01:27',1.25),(668,'INV-668',1,1,2.50,'Cash','0','Ranh','2025-09-24 07:04:20',1.50),(669,'INV-669',1,1,2.50,'Cash','0','Ranh','2025-09-24 07:07:36',2.00),(670,'INV-670',1,42,0.00,'QR','0','Nana','2025-09-24 16:58:18',3.50),(671,'INV-671',1,1,4.00,'QR','0','Ranh','2025-09-27 06:44:37',4.00),(672,'INV-672',1,1,2.50,'Cash','0','Ranh','2025-09-27 17:41:08',2.00),(673,'INV-673',1,1,2.50,'Cash','0','Ranh','2025-10-03 13:31:07',2.00),(674,'INV-674',1,1,2.50,'Cash','0','Ranh','2025-10-03 13:35:29',1.25),(675,'INV-675',1,1,2.50,'Cash','0','Ranh','2025-10-09 11:46:46',2.00),(676,'INV-676',1,1,1.25,'QR','0','Ranh','2025-10-09 11:47:09',1.25),(677,'INV-677',1,1,2.00,'QR','0','Ranh','2025-10-09 11:47:45',2.00),(678,'INV-678',1,1,2.00,'QR','0','Ranh','2025-10-09 11:50:20',2.00),(679,'INV-679',1,1,2.00,'QR','0','Ranh','2025-10-09 11:54:53',2.00),(680,'INV-680',1,1,2.00,'QR','0','Ranh','2025-10-09 11:55:09',2.00),(681,'INV-681',1,1,6.00,'QR','0','Ranh','2025-10-12 05:39:15',6.00),(682,'INV-682',1,1,2.00,'QR','0','Ranh','2025-10-15 15:45:33',2.00),(683,'INV-683',1,1,4.00,'QR','0','Ranh','2025-10-15 15:45:55',4.00),(684,'INV-684',1,1,2.50,'Cash','0','Ranh','2025-10-15 15:49:19',2.00),(685,'INV-685',1,1,2.00,'QR','0','Ranh','2025-10-15 16:45:30',2.00),(686,'INV-686',1,1,2.00,'QR','0','Ranh','2025-10-15 16:51:46',2.00),(687,'INV-687',1,1,2.00,'Cash','0','Ranh','2025-10-15 16:55:38',2.00),(688,'INV-688',1,1,0.00,'QR','0','Ranh','2025-10-15 17:09:30',2.00),(689,'INV-689',1,1,0.00,'QR','0','Ranh','2025-10-16 02:47:37',1.25),(690,'INV-690',1,1,0.00,'QR','0','Ranh','2025-10-16 02:51:13',1.25),(691,'INV-691',1,1,0.00,'QR','0','Ranh','2025-10-16 02:55:03',1.25),(692,'INV-692',1,1,2.00,'QR','0','Ranh','2025-10-23 11:33:38',2.00),(693,'INV-693',1,1,2.50,'Cash','0','Ranh','2025-10-23 11:42:13',2.00),(694,'INV-694',1,1,1.25,'QR','0','Ranh','2025-10-23 11:42:42',1.25),(695,'INV-695',1,1,2.50,'QR','0','Ranh','2025-10-23 16:53:34',2.50),(696,'INV-696',1,36,2.50,'QR','0','Vireak','2025-10-24 10:42:11',2.50),(697,'INV-697',1,36,4.00,'QR','0','Vireak','2025-10-24 10:48:07',4.00),(698,'INV-698',1,36,2.00,'QR','0','Vireak','2025-10-24 10:53:24',2.00),(699,'INV-699',1,36,2.50,'Cash','0','Vireak','2025-10-24 10:59:18',2.00),(700,'INV-700',1,36,4.00,'Cash','0','Vireak','2025-10-24 11:01:03',4.00),(701,'INV-701',1,36,2.00,'QR','0','Vireak','2025-10-24 11:02:28',2.00),(702,'INV-702',1,36,2.50,'Cash','0','Vireak','2025-10-24 11:26:24',2.00),(703,'INV-703',1,36,5.00,'Cash','0','Vireak','2025-10-24 11:27:25',4.00),(704,'INV-704',1,36,2.00,'QR','0','Vireak','2025-10-24 11:32:35',2.00),(705,'INV-705',1,36,1.25,'Cash','0','Vireak','2025-10-24 11:33:21',1.25),(706,'INV-706',1,1,4.00,'QR','0','Ranh','2025-10-24 11:35:44',4.00),(707,'INV-707',1,1,4.00,'Cash','0','Ranh','2025-10-24 11:39:32',4.00),(708,'INV-708',1,1,5.50,'QR','0','Ranh','2025-10-24 11:53:10',5.50),(709,'INV-709',21,1,5.00,'Cash','0','Ranh','2025-10-26 09:11:25',4.00),(710,'INV-710',21,1,5.00,'QR','0','Ranh','2025-10-26 09:12:08',5.00),(711,'INV-711',1,70,15.00,'Cash','0','dara2','2025-10-26 09:21:41',14.00),(712,'INV-712',1,1,2.50,'Cash','0','Ranh','2025-10-31 10:01:15',2.00),(713,'INV-713',NULL,1,2.50,'Cash','0','Ranh','2025-10-31 12:26:34',1.25),(714,'INV-714',21,1,2.50,'Cash','0','Ranh','2025-10-31 12:27:58',2.00),(715,'INV-715',NULL,1,2.00,'QR','0','Ranh','2025-10-31 12:30:43',2.00),(716,'INV-716',NULL,1,5.00,'Cash','0','Ranh','2025-10-31 12:36:57',3.50),(717,'INV-717',NULL,1,2.50,'Cash','0','Ranh','2025-10-31 12:39:59',2.00),(718,'INV-718',NULL,1,2.50,'Cash','0','Ranh','2025-10-31 12:45:48',2.00),(719,'INV-719',21,1,2.50,'Cash','0','Ranh','2025-10-31 12:46:59',2.00),(720,'INV-720',1,1,2.50,'Cash','0','Ranh','2025-10-31 12:53:38',2.00),(721,'INV-721',21,1,2.00,'QR','0','Ranh','2025-10-31 12:53:56',2.00),(722,'INV-722',21,1,2.50,'Cash','0','Ranh','2025-10-31 12:54:45',2.00),(723,'INV-723',1,1,2.00,'QR','0','Ranh','2025-10-31 12:55:05',2.00),(724,'INV-724',21,1,2.50,'Cash','0','Ranh','2025-10-31 12:57:24',2.00),(725,'INV-725',21,1,2.50,'Cash','0','Ranh','2025-10-31 12:59:49',2.00),(726,'INV-726',21,1,2.50,'Cash','0','Ranh','2025-10-31 13:03:42',1.25),(727,'INV-727',NULL,1,0.00,'QR','0','Ranh','2025-10-31 13:04:41',2.00),(728,'INV-728',NULL,1,0.00,'QR','0','Ranh','2025-10-31 13:06:53',2.00),(729,'INV-729',NULL,1,2.00,'QR','0','Ranh','2025-10-31 13:07:04',2.00),(730,'INV-730',21,1,1.25,'QR','0','Ranh','2025-10-31 13:09:36',1.25),(731,'INV-731',1,1,2.50,'Cash','0','Ranh','2025-10-31 13:13:51',2.00),(732,'INV-732',NULL,1,2.50,'Cash','0','Ranh','2025-10-31 13:18:22',2.00),(733,'INV-733',21,1,2.00,'Cash','0','Ranh','2025-10-31 13:18:59',2.00);
/*!40000 ALTER TABLE `orders` ENABLE KEYS */;
UNLOCK TABLES;

--
-- Table structure for table `payment_orders`
--

DROP TABLE IF EXISTS `payment_orders`;
/*!40101 SET @saved_cs_client     = @@character_set_client */;
/*!50503 SET character_set_client = utf8mb4 */;
CREATE TABLE `payment_orders` (
  `id` int NOT NULL AUTO_INCREMENT,
  `order_id` int NOT NULL,
  `qr` text CHARACTER SET utf8mb4 COLLATE utf8mb4_general_ci,
  `md5` varchar(255) CHARACTER SET utf8mb4 COLLATE utf8mb4_general_ci DEFAULT NULL,
  `expiration` bigint DEFAULT NULL,
  `status` varchar(20) CHARACTER SET utf8mb4 COLLATE utf8mb4_general_ci DEFAULT 'pending',
  `paid` tinyint(1) DEFAULT '0',
  `paidAt` datetime DEFAULT NULL,
  `created_at` datetime DEFAULT CURRENT_TIMESTAMP,
  `bakongHash` varchar(255) CHARACTER SET utf8mb4 COLLATE utf8mb4_general_ci DEFAULT NULL,
  `fromAccountId` varchar(255) CHARACTER SET utf8mb4 COLLATE utf8mb4_general_ci DEFAULT NULL,
  `toAccountId` varchar(255) CHARACTER SET utf8mb4 COLLATE utf8mb4_general_ci DEFAULT NULL,
  `currency` varchar(10) CHARACTER SET utf8mb4 COLLATE utf8mb4_general_ci DEFAULT NULL,
  `amount` decimal(12,2) DEFAULT NULL,
  `description` text CHARACTER SET utf8mb4 COLLATE utf8mb4_general_ci,
  `externalRef` varchar(255) CHARACTER SET utf8mb4 COLLATE utf8mb4_general_ci DEFAULT NULL,
  `createdDateMs` bigint DEFAULT NULL,
  `acknowledgedDateMs` bigint DEFAULT NULL,
  `receiverBankAccount` varchar(255) CHARACTER SET utf8mb4 COLLATE utf8mb4_general_ci DEFAULT NULL,
  PRIMARY KEY (`id`),
  UNIQUE KEY `uniq_order_id` (`order_id`),
  CONSTRAINT `payment_orders_ibfk_1` FOREIGN KEY (`order_id`) REFERENCES `orders` (`id`) ON DELETE CASCADE
) ENGINE=InnoDB AUTO_INCREMENT=78 DEFAULT CHARSET=utf8mb4 COLLATE=utf8mb4_general_ci;
/*!40101 SET character_set_client = @saved_cs_client */;

--
-- Dumping data for table `payment_orders`
--

LOCK TABLES `payment_orders` WRITE;
/*!40000 ALTER TABLE `payment_orders` DISABLE KEYS */;
INSERT INTO `payment_orders` VALUES (28,650,'00020101021229180014ranh_keal@aclb52045999530384054043.255802KH5909Keal Ranh6010PHNOM PENH9934001317581335485150113175813372851463043AC7','f8814143cf687eac5be2d06eecd52ec9',1758133728514,'paid',1,'2025-09-17 18:27:09','2025-09-17 18:25:48','bd8b86cbfb0775b08e12b2dde337758a23d4c0c9688a6c7160aac5e9680c88ad','abaakhppxxx@abaa','ranh_keal@aclb','USD',3.25,'POS Order INV-650','100FT35506372126',1758133626000,1758133627000,'ranh_keal@aclb'),(29,651,'00020101021229180014ranh_keal@aclb52045999530384054041.505802KH5909Keal Ranh6010PHNOM PENH993400131758133727608011317581339076076304C69E','8e63603daafecddb6fa1185d5bd3909e',1758133907607,'paid',1,'2025-09-17 18:29:05','2025-09-17 18:28:47','96e3a3908978f40cfb557a01c14c0ccff6ac72571e0f96f769d1c4c559f1ae4b','abaakhppxxx@abaa','ranh_keal@aclb','USD',1.50,'POS Order INV-651','100FT35506373680',1758133742000,1758133744000,'ranh_keal@aclb'),(30,653,'00020101021229180014ranh_keal@aclb52045999530384054043.505802KH5909Keal Ranh6010PHNOM PENH993400131758218895814011317582190758116304A067','1cbe025c73e9328f5000c90a1e0c5404',1758219075811,'pending',0,NULL,'2025-09-18 18:08:15',NULL,NULL,NULL,'USD',3.50,'POS Order INV-653',NULL,NULL,NULL,NULL),(31,654,'00020101021229180014ranh_keal@aclb52045999530384054041.255802KH5909Keal Ranh6010PHNOM PENH9934001317582189777070113175821915770663049341','202f02a43a35eeabe0ca26efb95f168a',1758219157706,'pending',0,NULL,'2025-09-18 18:09:37',NULL,NULL,NULL,'USD',1.25,'POS Order INV-654',NULL,NULL,NULL,NULL),(32,655,'00020101021229180014ranh_keal@aclb52045999530384054042.005802KH5909Keal Ranh6010PHNOM PENH993400131758219109294011317582192892946304D508','8c62df598ca6f8e73118a1be7d50cb80',1758219289294,'paid',1,'2025-09-18 18:12:03','2025-09-18 18:11:49',NULL,NULL,NULL,'USD',2.00,'POS Order INV-655',NULL,NULL,NULL,NULL),(33,656,'00020101021229180014ranh_keal@aclb52045999530384054042.005802KH5909Keal Ranh6010PHNOM PENH99340013175821931663801131758219496637630489E1','86435f9fc938751a9b0c63a11d8fa608',1758219496637,'paid',1,'2025-09-18 18:15:24','2025-09-18 18:15:16',NULL,NULL,NULL,'USD',2.00,'POS Order INV-656',NULL,NULL,NULL,NULL),(34,657,'00020101021229180014ranh_keal@aclb52045999530384054043.255802KH5909Keal Ranh6010PHNOM PENH9934001317582193986690113175821957866963040486','5a97ee4da9e3396e6e5b837eda25be8b',1758219578669,'paid',1,'2025-09-18 18:17:36','2025-09-18 18:16:38',NULL,NULL,NULL,'USD',3.25,'POS Order INV-657',NULL,NULL,NULL,NULL),(35,658,'00020101021229180014ranh_keal@aclb52045999530384054044.005802KH5909Keal Ranh6010PHNOM PENH9934001317582195331450113175821971314563047EC4','b4d124cd73272b1d983f41ce5f51bc37',1758219713145,'paid',1,'2025-09-18 18:19:17','2025-09-18 18:18:53','7f1f3624d07f6ee21dcb1ac6bb64ebc5472544cac7cc6961c88ed98fc0d511d5','abaakhppxxx@abaa','ranh_keal@aclb','USD',4.00,'POS Order INV-658','100FT35514303277',1758219552000,1758219553000,'ranh_keal@aclb'),(36,660,'00020101021229180014ranh_keal@aclb52045999530384054042.005802KH5909Keal Ranh6010PHNOM PENH9934001317586440485520113175864422855163046DC1','0a2964d8b91ea0ba9e671a3e66986a41',1758644228551,'paid',1,'2025-09-23 16:14:44','2025-09-23 16:14:08','1f8d8b761689cef30ade152596b557a08fa18fdc8d11f06407659151f85dd93b','abaakhppxxx@abaa','ranh_keal@aclb','USD',2.00,'POS Order INV-660','100FT35547316606',1758644080000,1758644081000,'ranh_keal@aclb'),(37,661,'00020101021229180014ranh_keal@aclb52045999530384054042.005802KH5909Keal Ranh6010PHNOM PENH99340013175864508698701131758645266987630427CE','8f90b7c967b17b15df96f0e576b00414',1758645266987,'paid',1,'2025-09-23 16:32:15','2025-09-23 16:31:26','951ea1fd3b735467a438d35cd0b3295f541bdb2b98876651fb40f475bfacff6c','abaakhppxxx@abaa','ranh_keal@aclb','USD',2.00,'POS Order INV-661','100FT35547344721',1758645130000,1758645132000,'ranh_keal@aclb'),(38,662,'00020101021229180014ranh_keal@aclb52045999530384054042.755802KH5909Keal Ranh6010PHNOM PENH993400131758645530720011317586457107206304575E','4f02cfd52dfd35c758855ef8b2e08d57',1758645710720,'paid',1,'2025-09-23 16:39:14','2025-09-23 16:38:50','032a119be89995a9d7c7e775bbd7af5abc463c7a40d0e6975622b8f725d06bd5','abaakhppxxx@abaa','ranh_keal@aclb','USD',2.75,'POS Order INV-662','100FT35547354457',1758645551000,1758645553000,'ranh_keal@aclb'),(39,663,'00020101021229180014ranh_keal@aclb52045999530384054044.005802KH5909Keal Ranh6010PHNOM PENH9934001317586457262150113175864590621563047BB0','45482ca1108da6d634a8390bdd3c417e',1758645906215,'paid',1,'2025-09-23 16:42:25','2025-09-23 16:42:06',NULL,NULL,NULL,'USD',4.00,'POS Order INV-663',NULL,NULL,NULL,NULL),(40,664,'00020101021229180014ranh_keal@aclb52045999530384054043.255802KH5909Keal Ranh6010PHNOM PENH993400131758645800596011317586459805966304476B','54552c0c66a87c7707f60587746b575a',1758645980596,'paid',1,'2025-09-23 16:43:47','2025-09-23 16:43:20','802d08d3ef19f32b7b9d6b98d8c523be07e651c73027b3c79a7bda31a4c8b301','abaakhppxxx@abaa','ranh_keal@aclb','USD',3.25,'POS Order INV-664','100FT35547360563',1758645825000,1758645826000,'ranh_keal@aclb'),(41,665,'00020101021229180014ranh_keal@aclb52045999530384054042.005802KH5909Keal Ranh6010PHNOM PENH99340013175864586640901131758646046409630457DE','f4f30cf2a5f4dfd26e63db9116a97164',1758646046409,'paid',1,'2025-09-23 16:44:36','2025-09-23 16:44:26',NULL,NULL,NULL,'USD',2.00,'POS Order INV-665',NULL,NULL,NULL,NULL),(42,670,'00020101021229180014ranh_keal@aclb52045999530384054043.505802KH5909Keal Ranh6010PHNOM PENH9934001317587330981350113175873327813063043E9D','cc8bea17dc78b0fcc45359ff10e28d9b',1758733278130,'expired',0,NULL,'2025-09-24 16:58:18',NULL,NULL,NULL,'USD',3.50,'POS Order INV-670',NULL,NULL,NULL,NULL),(43,671,'00020101021229180014ranh_keal@aclb52045999530384054044.005802KH5909Keal Ranh6010PHNOM PENH9934001317589554774390113175895565743463041E09','d81923c3b707e0cda93320a1bff36ba6',1758955657434,'paid',1,'2025-09-27 06:45:37','2025-09-27 06:44:37','450d0097964390cfada1d35e232c7442dfc1eb96f89a891890e8f9a86b377acd','aclbkhppxxx@aclb','ranh_keal@aclb','USD',4.00,'POS Order INV-671','52702324208',1758955532000,1758955533000,'ranh_keal@aclb'),(44,676,'00020101021229180014ranh_keal@aclb52045999530384054041.255802KH5909Keal Ranh6010PHNOM PENH9934001317600104293320113176001060932763046DDD','9ea1fc64276423b58d22a3b18f87d89d',1760010609327,'paid',1,'2025-10-09 11:47:23','2025-10-09 11:47:09',NULL,NULL,NULL,'USD',1.25,'POS Order INV-676',NULL,NULL,NULL,NULL),(45,677,'00020101021229180014ranh_keal@aclb52045999530384054042.005802KH5909Keal Ranh6010PHNOM PENH9934001317600104651740113176001064517463043934','fe2e324e7dd1c8e8640ca8aadb6177e1',1760010645174,'paid',1,'2025-10-09 11:47:48','2025-10-09 11:47:45',NULL,NULL,NULL,'USD',2.00,'POS Order INV-677',NULL,NULL,NULL,NULL),(46,678,'00020101021229180014ranh_keal@aclb52045999530384054042.005802KH5909Keal Ranh6010PHNOM PENH993400131760010620448011317600108004486304AD42','6edae6d6a2364a6698cfe14bd492b4b5',1760010800448,'paid',1,'2025-10-09 11:50:35','2025-10-09 11:50:20',NULL,NULL,NULL,'USD',2.00,'POS Order INV-678',NULL,NULL,NULL,NULL),(47,679,'00020101021229180014ranh_keal@aclb52045999530384054042.005802KH5909Keal Ranh6010PHNOM PENH993400131760010893813011317600110738126304A135','c3430458ef5145ae8a016e739506cb85',1760011073812,'paid',1,'2025-10-09 11:54:59','2025-10-09 11:54:53',NULL,NULL,NULL,'USD',2.00,'POS Order INV-679',NULL,NULL,NULL,NULL),(48,680,'00020101021229180014ranh_keal@aclb52045999530384054042.005802KH5909Keal Ranh6010PHNOM PENH993400131760010909886011317600110898866304D270','73bfd0a0e3ef574e2ffa0c50213dfb68',1760011089886,'paid',1,'2025-10-09 11:55:49','2025-10-09 11:55:09',NULL,NULL,NULL,'USD',2.00,'POS Order INV-680',NULL,NULL,NULL,NULL),(49,681,'00020101021229180014ranh_keal@aclb52045999530384054046.005802KH5909Keal Ranh6010PHNOM PENH9934001317602475551540113176024773515163046F9D','02c82a008792d1b106bb511bf4f88609',1760247735151,'paid',1,'2025-10-12 05:39:45','2025-10-12 05:39:15',NULL,NULL,NULL,'USD',6.00,'POS Order INV-681',NULL,NULL,NULL,NULL),(50,682,'00020101021229180014ranh_keal@aclb52045999530384054042.005802KH5909Keal Ranh6010PHNOM PENH9934001317605462885000113176054646849963046E78','caa43f618d5ce0bc0596edd5ab3c7f53',1760546468499,'paid',1,'2025-10-15 16:40:14','2025-10-15 15:45:33','7ed2553ec4271620880624f637186852c703acf96b9fd7287f33eb0f3d77be38','aclbkhppxxx@aclb','ranh_keal@aclb','USD',2.00,'POS Order INV-682','52885963383',1760546411000,1760546412000,'ranh_keal@aclb'),(51,683,'00020101021229180014ranh_keal@aclb52045999530384054044.005802KH5909Keal Ranh6010PHNOM PENH993400131760545495497011317605456754966304477E','175b12ac0bd3cce2a7d6f78e1aa3522b',1760545675496,'paid',1,'2025-10-15 16:27:10','2025-10-15 15:45:55','ece17ad209ed8eb131365d5e9055b04d1d6b48a306ed73d9a806f28a7d94e30f','aclbkhppxxx@aclb','ranh_keal@aclb','USD',4.00,'POS Order INV-683','52885951237',1760545627000,1760545628000,'ranh_keal@aclb'),(52,684,'00020101021229180014ranh_keal@aclb52045999530384054044.005802KH5909Keal Ranh6010PHNOM PENH9934001317605433599690113176054353996963048A90','e3c6474a52db74af623445fe8d3a7973',1760543539969,'pending',0,NULL,'2025-10-15 15:49:19',NULL,NULL,NULL,'USD',4.00,'POS Order INV-684',NULL,NULL,NULL,NULL),(53,685,'00020101021229180014ranh_keal@aclb52045999530384054042.005802KH5909Keal Ranh6010PHNOM PENH9934001317605467305830113176054691058263046C6C','17f8eaa2068fb0bc1cee6b0f486986e0',1760546910582,'paid',1,'2025-10-15 16:45:48','2025-10-15 16:45:30','42202065d7728f6fe3a7de8d95f0933a753c28a04e1f241911227c7abf93831e','aclbkhppxxx@aclb','ranh_keal@aclb','USD',2.00,'POS Order INV-685','52885968181',1760546744000,1760546745000,'ranh_keal@aclb'),(54,686,'00020101021229180014ranh_keal@aclb52045999530384054042.005802KH5909Keal Ranh6010PHNOM PENH9934001317605479362620113176054811625963048DF6','01fa7c5b5899581c3abb0490bec499e0',1760548116259,'paid',1,'2025-10-15 17:05:57','2025-10-15 16:51:46','c77a0f72bd9cbecdb27c621d934c5c3e44f962e601bc368cdde44a55e07ae793','abaakhppxxx@abaa','ranh_keal@aclb','USD',2.00,'POS Order INV-686','100FT35723713548',1760547953000,1760547954000,'ranh_keal@aclb'),(55,687,'00020101021229180014ranh_keal@aclb52045999530384054042.005802KH5909Keal Ranh6010PHNOM PENH99340013176054733862201131760547518621630467CD','a0076fd661f071cc8d6923d3c1412b24',1760547518621,'expired',0,NULL,'2025-10-15 16:55:38',NULL,NULL,NULL,'USD',2.00,'POS Order INV-687',NULL,NULL,NULL,NULL),(56,688,'00020101021229180014ranh_keal@aclb52045999530384054042.005802KH5909Keal Ranh6010PHNOM PENH9934001317605481708900113176054835088563042BD8','1b685fe3237b631886cb5be8428ff38c',1760548350885,'expired',0,NULL,'2025-10-15 17:09:30',NULL,NULL,NULL,'USD',2.00,'POS Order INV-688',NULL,NULL,NULL,NULL),(57,689,'00020101021229180014ranh_keal@aclb52045999530384054041.255802KH5909Keal Ranh6010PHNOM PENH9934001317605828577760113176058303777163045531','2a8e3eb343d10ea4ebe31e425548d996',1760583037771,'expired',0,NULL,'2025-10-16 02:47:37',NULL,NULL,NULL,'USD',1.25,'POS Order INV-689',NULL,NULL,NULL,NULL),(58,690,'00020101021229180014ranh_keal@aclb52045999530384054041.255802KH5909Keal Ranh6010PHNOM PENH993400131760583073099011317605832530986304B2D0','9354e90aba840e33b2e9a66ee9a5cffa',1760583253098,'expired',0,NULL,'2025-10-16 02:51:13',NULL,NULL,NULL,'USD',1.25,'POS Order INV-690',NULL,NULL,NULL,NULL),(59,691,'00020101021229180014ranh_keal@aclb52045999530384054041.255802KH5909Keal Ranh6010PHNOM PENH993400131760583303183011317605834831826304B9C6','406db3c76dabb2a7dcde952bb2dd9138',1760583483182,'expired',0,NULL,'2025-10-16 02:55:03',NULL,NULL,NULL,'USD',1.25,'POS Order INV-691',NULL,NULL,NULL,NULL),(60,692,'00020101021229180014ranh_keal@aclb52045999530384054042.005802KH5909Keal Ranh6010PHNOM PENH9934001317612192183030113176121939830163046F0C','4574d17da44ada87cf36c897a7c9b195',1761219398301,'paid',1,'2025-10-23 11:33:42','2025-10-23 11:33:38',NULL,NULL,NULL,'USD',2.00,'POS Order INV-692',NULL,NULL,NULL,NULL),(61,694,'00020101021229180014ranh_keal@aclb52045999530384054041.255802KH5909Keal Ranh6010PHNOM PENH99340013176121976211701131761219942116630471C7','d2dc966c7f7b9018b0837cbcfdd87515',1761219942116,'paid',1,'2025-10-23 11:42:44','2025-10-23 11:42:42',NULL,NULL,NULL,'USD',1.25,'POS Order INV-694',NULL,NULL,NULL,NULL),(62,695,'00020101021229180014ranh_keal@aclb52045999530384054042.505802KH5909Keal Ranh6010PHNOM PENH9934001317612384148690113176123859486463045845','353af4a43f73f27bafbcae32a7dc5e2d',1761238594864,'paid',1,'2025-10-23 16:53:59','2025-10-23 16:53:34','0f96dc211713ae23df06bb2389341852fcda623bb830c81b8543a8720d54088d','abaakhppxxx@abaa','ranh_keal@aclb','USD',2.50,'POS Order INV-695','100FT35789546925',1761238434000,1761238436000,'ranh_keal@aclb'),(63,696,'00020101021229180014ranh_keal@aclb52045999530384054042.505802KH5909Keal Ranh6010PHNOM PENH9934001317613025316550113176130271165163045DC1','7236bc6dc07713a3437e0adceca6fbf2',1761302711651,'paid',1,'2025-10-24 10:42:42','2025-10-24 10:42:11',NULL,NULL,NULL,'USD',2.50,'POS Order INV-696',NULL,NULL,NULL,NULL),(64,697,'00020101021229180014ranh_keal@aclb52045999530384054044.005802KH5909Keal Ranh6010PHNOM PENH9934001317613028878360113176130306783463046E99','f9b02ae43b75cc8d329d51b25c08853f',1761303067834,'paid',1,'2025-10-24 10:48:10','2025-10-24 10:48:07',NULL,NULL,NULL,'USD',4.00,'POS Order INV-697',NULL,NULL,NULL,NULL),(65,698,'00020101021229180014ranh_keal@aclb52045999530384054042.005802KH5909Keal Ranh6010PHNOM PENH99340013176130320420801131761303384207630458BD','ba38dadeea6d461c17aa47b47f9667e4',1761303384207,'paid',1,'2025-10-24 10:53:26','2025-10-24 10:53:24',NULL,NULL,NULL,'USD',2.00,'POS Order INV-698',NULL,NULL,NULL,NULL),(66,701,'00020101021229180014ranh_keal@aclb52045999530384054042.005802KH5909Keal Ranh6010PHNOM PENH9934001317613037482220113176130392822263040F6A','63a89a9cb0032ecba8c784b290c5976a',1761303928222,'paid',1,'2025-10-24 11:02:30','2025-10-24 11:02:28',NULL,NULL,NULL,'USD',2.00,'POS Order INV-701',NULL,NULL,NULL,NULL),(67,704,'00020101021229180014ranh_keal@aclb52045999530384054042.005802KH5909Keal Ranh6010PHNOM PENH993400131761305555822011317613057358216304B2FC','300ab658e41a2e0131bd624153f59ced',1761305735821,'paid',1,'2025-10-24 11:32:37','2025-10-24 11:32:35',NULL,NULL,NULL,'USD',2.00,'POS Order INV-704',NULL,NULL,NULL,NULL),(68,706,'00020101021229180014ranh_keal@aclb52045999530384054044.005802KH5909Keal Ranh6010PHNOM PENH993400131761305744161011317613059241616304982F','3caedc4b95af0cb3cc748507c08f040f',1761305924161,'pending',1,'2025-10-24 11:35:47','2025-10-24 11:35:44',NULL,NULL,NULL,'USD',4.00,'POS Order INV-706',NULL,NULL,NULL,NULL),(69,708,'00020101021229180014ranh_keal@aclb52045999530384054045.505802KH5909Keal Ranh6010PHNOM PENH99340013176130679083201131761306970831630472EE','db714f3e58409ba482846325bc616af6',1761306970831,'paid',1,'2025-10-24 11:53:26','2025-10-24 11:53:10',NULL,NULL,NULL,'USD',5.50,'POS Order INV-708',NULL,NULL,NULL,NULL),(70,710,'00020101021229180014ranh_keal@aclb52045999530384054045.005802KH5909Keal Ranh6010PHNOM PENH9934001317614699280890113176147010808663046992','e13ae0f411f75396a936e876816f1103',1761470108086,'paid',1,'2025-10-26 09:12:56','2025-10-26 09:12:08','a15fde49141787b21e4d1964adb7bfc33184bb101af1c019ed6e2c858e00ec4f','abaakhppxxx@abaa','ranh_keal@aclb','USD',5.00,'POS Order INV-710','100FT35811337570',1761469970000,1761469973000,'ranh_keal@aclb'),(71,715,'00020101021229180014ranh_keal@aclb52045999530384054042.005802KH5909Keal Ranh6010PHNOM PENH993400131761913843880011317619140238776304A339','9a1b12d6aa8c31f0dcb9ec1b78c0b1f9',1761914023877,'paid',1,'2025-10-31 12:30:46','2025-10-31 12:30:43',NULL,NULL,NULL,'USD',2.00,'POS Order INV-715',NULL,NULL,NULL,NULL),(72,721,'00020101021229180014ranh_keal@aclb52045999530384054042.005802KH5909Keal Ranh6010PHNOM PENH993400131761915236623011317619154166226304F392','28c1121edef0de4f71f15c96b7b35eb9',1761915416622,'paid',1,'2025-10-31 12:53:58','2025-10-31 12:53:56',NULL,NULL,NULL,'USD',2.00,'POS Order INV-721',NULL,NULL,NULL,NULL),(73,723,'00020101021229180014ranh_keal@aclb52045999530384054042.005802KH5909Keal Ranh6010PHNOM PENH993400131761915305153011317619154851536304134E','45a3a76e5aaf7bd6f6ed16b1a8ee0108',1761915485153,'paid',1,'2025-10-31 12:55:06','2025-10-31 12:55:05',NULL,NULL,NULL,'USD',2.00,'POS Order INV-723',NULL,NULL,NULL,NULL),(74,727,'00020101021229180014ranh_keal@aclb52045999530384054042.005802KH5909Keal Ranh6010PHNOM PENH993400131761915881725011317619160617246304F006','10965cf47e62ad9e908c423983f8e583',1761916061724,'pending',0,NULL,'2025-10-31 13:04:41',NULL,NULL,NULL,'USD',2.00,'POS Order INV-727',NULL,NULL,NULL,NULL),(75,728,'00020101021229180014ranh_keal@aclb52045999530384054042.005802KH5909Keal Ranh6010PHNOM PENH993400131761916013226011317619161932256304D408','e17213dc5ffc58f29f35ef0aa9084b4c',1761916193225,'pending',0,NULL,'2025-10-31 13:06:53',NULL,NULL,NULL,'USD',2.00,'POS Order INV-728',NULL,NULL,NULL,NULL),(76,729,'00020101021229180014ranh_keal@aclb52045999530384054042.005802KH5909Keal Ranh6010PHNOM PENH993400131761916025042011317619162050416304AD93','fe97d38b003fe5d1a6b2f2d9867d9a13',1761916205041,'paid',1,'2025-10-31 13:07:22','2025-10-31 13:07:05',NULL,NULL,NULL,'USD',2.00,'POS Order INV-729',NULL,NULL,NULL,NULL),(77,730,'00020101021229180014ranh_keal@aclb52045999530384054041.255802KH5909Keal Ranh6010PHNOM PENH993400131761916176844011317619163568446304E7EE','2fa806f8597b8b87f2aa6a3711342bd6',1761916356844,'paid',1,'2025-10-31 13:10:16','2025-10-31 13:09:36','9c3a633e6af4836cdcd90a9afc93e98a8c1d8aaa207e457a9071be201eb87b09','abaakhppxxx@abaa','ranh_keal@aclb','USD',1.25,'POS Order INV-730','100FT35855462777',1761916212000,1761916214000,'ranh_keal@aclb');
/*!40000 ALTER TABLE `payment_orders` ENABLE KEYS */;
UNLOCK TABLES;

--
-- Table structure for table `products`
--

DROP TABLE IF EXISTS `products`;
/*!40101 SET @saved_cs_client     = @@character_set_client */;
/*!50503 SET character_set_client = utf8mb4 */;
CREATE TABLE `products` (
  `id` int NOT NULL AUTO_INCREMENT,
  `category_id` int DEFAULT NULL,
  `name` varchar(120) CHARACTER SET utf8mb4 COLLATE utf8mb4_general_ci NOT NULL,
  `brand` varchar(120) CHARACTER SET utf8mb4 COLLATE utf8mb4_general_ci NOT NULL,
  `description` varchar(120) CHARACTER SET utf8mb4 COLLATE utf8mb4_general_ci DEFAULT NULL,
  `price` decimal(7,2) NOT NULL DEFAULT '0.00',
  `status` tinyint(1) DEFAULT '1',
  `image` varchar(255) CHARACTER SET utf8mb4 COLLATE utf8mb4_general_ci DEFAULT NULL,
  `create_by` varchar(120) CHARACTER SET utf8mb4 COLLATE utf8mb4_general_ci DEFAULT NULL,
  `create_at` timestamp NULL DEFAULT CURRENT_TIMESTAMP,
  `discount` decimal(5,2) NOT NULL DEFAULT '0.00',
  PRIMARY KEY (`id`),
  KEY `category_id` (`category_id`),
  CONSTRAINT `products_ibfk_1` FOREIGN KEY (`category_id`) REFERENCES `category` (`id`)
) ENGINE=InnoDB AUTO_INCREMENT=90 DEFAULT CHARSET=utf8mb4 COLLATE=utf8mb4_general_ci;
/*!40101 SET character_set_client = @saved_cs_client */;

--
-- Dumping data for table `products`
--

LOCK TABLES `products` WRITE;
/*!40000 ALTER TABLE `products` DISABLE KEYS */;
INSERT INTO `products` VALUES (9,17,'Ice Coffee','Mondolkiri Coffee','ice chocolate coffee',1.25,1,'upload_image-1754999565117-594091938.png','ranh','2025-04-04 05:44:16',0.00),(14,17,'Ice Coffee','Mondolkiri Coffee','Ice Black Coffee',1.25,1,'upload_image-1754999512443-586309194.png','ranh','2025-04-15 15:51:50',0.00),(15,19,'Soda','Soda','soda drink',1.50,1,'upload_image-1754999454830-889234478.png','ranh','2025-04-15 17:19:56',0.00),(16,38,'Ice Tea','Bodia Tea','Ice Normal Tea',1.25,1,'upload_image-1754999392494-542514938.png','ranh','2025-04-15 17:20:58',0.00),(19,17,'Iced Mocha Coffee','Arabia Coffee','Iced Mocha Coffee + Cream',1.25,1,'upload_image-1754999369472-116309489.png','ranh','2025-04-19 15:49:04',0.00),(20,17,'Ice Latte Coffee','Amazon Coffee','Ice Coffee Latte',1.50,1,'upload_image-1754999304574-687509812.png','dara','2025-04-27 04:06:11',0.00),(24,17,'Coconut','Mondolkiri Coffee','ice-coconut',1.25,1,'upload_image-1754999287934-109185213.png','ranh','2025-05-07 16:51:19',0.00),(27,17,'Ice Coffee','Mondolkiri Coffee','Ice Coffee + Cream',2.00,1,'upload_image-1754999251543-891133390.png','ranh','2025-05-12 04:43:29',0.00),(43,17,'Green Tea','ChaTraMue Tea','Green Tea + Mocha',1.25,1,'upload_image-1754887284674-530716296.png','ranh','2025-06-08 14:14:10',0.00),(44,14,'Coconut Coffee','Bodia Tea','coconut',2.00,1,'upload_image-1754799735353-602207485.png','ranh','2025-06-08 14:15:41',0.00),(68,14,'Hot Americano','Mondolkiri Coffee','Could drink',2.00,1,'upload_image-1754500760560-41536068.png','Ranh','2025-08-03 11:42:39',0.00),(70,14,'Hot Latte','Arabia Coffee','hot drink',2.00,1,'upload_image-1754499777879-803437499.png','Ranh','2025-08-06 16:50:28',0.00),(71,14,'Expresso','Mondolkiri Coffee','hot drink',2.00,1,'upload_image-1754500225871-47008503.png','Ranh','2025-08-06 17:10:25',0.00),(78,56,'Hot Green Tea','Bodia Tea','tea',2.00,1,'upload_image-1755420362127-570573565.png','Ranh','2025-08-17 08:46:02',0.00),(87,14,'coffee','មណ្ឌលគិរី​កាហ្វេ','safads',2.00,1,'upload_image-1761469763363-995130854.png','Ranh','2025-10-26 09:09:23',0.00);
/*!40000 ALTER TABLE `products` ENABLE KEYS */;
UNLOCK TABLES;

--
-- Table structure for table `roles`
--

DROP TABLE IF EXISTS `roles`;
/*!40101 SET @saved_cs_client     = @@character_set_client */;
/*!50503 SET character_set_client = utf8mb4 */;
CREATE TABLE `roles` (
  `id` int NOT NULL AUTO_INCREMENT,
  `name` varchar(50) CHARACTER SET utf8mb4 COLLATE utf8mb4_general_ci NOT NULL,
  `permission` json DEFAULT NULL,
  `created_at` timestamp NULL DEFAULT CURRENT_TIMESTAMP,
  `updated_at` timestamp NULL DEFAULT CURRENT_TIMESTAMP ON UPDATE CURRENT_TIMESTAMP,
  PRIMARY KEY (`id`)
) ENGINE=InnoDB AUTO_INCREMENT=23 DEFAULT CHARSET=utf8mb4 COLLATE=utf8mb4_general_ci;
/*!40101 SET character_set_client = @saved_cs_client */;

--
-- Dumping data for table `roles`
--

LOCK TABLES `roles` WRITE;
/*!40000 ALTER TABLE `roles` DISABLE KEYS */;
INSERT INTO `roles` VALUES (1,'Admin','\"all\"','2025-04-19 18:17:02','2025-09-14 05:36:22'),(2,'Cashier','{\"pos\": true, \"order\": true, \"customer\": true, \"dashboard\": true}','2025-04-19 18:17:02','2025-10-26 09:18:04'),(20,'Sale','{\"pos\": true, \"order\": true, \"stock\": true, \"dashboard\": true, \"getsalereport\": true, \"productreport\": true}','2025-09-14 05:36:06','2025-10-29 15:46:43');
/*!40000 ALTER TABLE `roles` ENABLE KEYS */;
UNLOCK TABLES;

--
-- Table structure for table `stock_coffee`
--

DROP TABLE IF EXISTS `stock_coffee`;
/*!40101 SET @saved_cs_client     = @@character_set_client */;
/*!50503 SET character_set_client = utf8mb4 */;
CREATE TABLE `stock_coffee` (
  `id` int NOT NULL AUTO_INCREMENT,
  `supplier_id` int DEFAULT NULL,
  `product_name` varchar(120) CHARACTER SET utf8mb4 COLLATE utf8mb4_general_ci DEFAULT NULL,
  `qty` int DEFAULT NULL,
  `description` varchar(120) CHARACTER SET utf8mb4 COLLATE utf8mb4_general_ci DEFAULT NULL,
  `status` tinyint DEFAULT '1',
  `create_at` timestamp NULL DEFAULT CURRENT_TIMESTAMP,
  `cost` decimal(7,2) DEFAULT NULL,
  `update_at` datetime DEFAULT CURRENT_TIMESTAMP ON UPDATE CURRENT_TIMESTAMP,
  `categories` varchar(120) CHARACTER SET utf8mb4 COLLATE utf8mb4_general_ci DEFAULT NULL,
  `create_by` varchar(120) COLLATE utf8mb4_general_ci DEFAULT NULL,
  PRIMARY KEY (`id`),
  KEY `supplier_id` (`supplier_id`),
  CONSTRAINT `stock_coffee_ibfk_1` FOREIGN KEY (`supplier_id`) REFERENCES `supplier` (`id`)
) ENGINE=InnoDB AUTO_INCREMENT=54 DEFAULT CHARSET=utf8mb4 COLLATE=utf8mb4_general_ci;
/*!40101 SET character_set_client = @saved_cs_client */;

--
-- Dumping data for table `stock_coffee`
--

LOCK TABLES `stock_coffee` WRITE;
/*!40000 ALTER TABLE `stock_coffee` DISABLE KEYS */;
INSERT INTO `stock_coffee` VALUES (25,1,'Vietnam',10,'តេស',1,'2025-08-13 15:47:17',10.00,'2025-08-24 05:33:37','Arabia Coffee',NULL),(27,1,'អាម៉ាហ្សូន',12,'test2',1,'2025-09-27 15:37:34',10.00,'2025-09-27 15:48:37','មណ្ឌលគិរី​កាហ្វេ',NULL),(44,1,'អាម៉ាហ្សូន',10,'sadfsadf',1,'2025-09-27 17:40:51',10.00,'2025-09-27 17:40:51','Amazon Coffee',NULL),(45,1,'Mondolkiri',10,'test',1,'2025-09-29 17:05:08',10.00,'2025-09-29 17:05:08','មណ្ឌលគិរី​កាហ្វេ',NULL),(46,1,'អាម៉ាហ្សូន',5,'sdfasdf',1,'2025-09-29 17:11:04',10.00,'2025-09-29 17:11:04','Amazon Coffee',NULL),(47,2,'Vietnam',10,'testing',1,'2025-09-29 17:14:30',10.00,'2025-09-29 17:14:30','Arabia Coffee',NULL),(48,2,'Vietnam',2,'fsdf',1,'2025-10-02 06:01:05',10.00,'2025-10-02 06:01:05','Arabia Coffee',NULL),(52,1,'អាម៉ាហ្សូន',20,'test29+',1,'2025-10-02 06:19:41',10.00,'2025-10-29 17:04:25','Amazon Coffee',NULL),(53,1,'អាម៉ាហ្សូន',10,'nd',1,'2025-10-29 17:01:41',10.00,'2025-10-29 17:01:41','Amazon Coffee','Ranh');
/*!40000 ALTER TABLE `stock_coffee` ENABLE KEYS */;
UNLOCK TABLES;

--
-- Table structure for table `stock_product`
--

DROP TABLE IF EXISTS `stock_product`;
/*!40101 SET @saved_cs_client     = @@character_set_client */;
/*!50503 SET character_set_client = utf8mb4 */;
CREATE TABLE `stock_product` (
  `id` int NOT NULL AUTO_INCREMENT,
  `name_product` varchar(120) CHARACTER SET utf8mb4 COLLATE utf8mb4_general_ci DEFAULT NULL,
  `qty` int NOT NULL,
  `supplier_id` int DEFAULT NULL,
  `description` varchar(120) CHARACTER SET utf8mb4 COLLATE utf8mb4_general_ci DEFAULT NULL,
  `status` tinyint DEFAULT '1',
  `create_at` timestamp NULL DEFAULT CURRENT_TIMESTAMP,
  `cost` decimal(7,2) DEFAULT NULL,
  `brand_name` varchar(120) CHARACTER SET utf8mb4 COLLATE utf8mb4_general_ci DEFAULT NULL,
  `create_by` varchar(120) CHARACTER SET utf8mb4 COLLATE utf8mb4_general_ci DEFAULT NULL,
  PRIMARY KEY (`id`),
  KEY `supplier_id` (`supplier_id`),
  CONSTRAINT `stock_product_ibfk_1` FOREIGN KEY (`supplier_id`) REFERENCES `supplier` (`id`)
) ENGINE=InnoDB AUTO_INCREMENT=29 DEFAULT CHARSET=utf8mb4 COLLATE=utf8mb4_general_ci;
/*!40101 SET character_set_client = @saved_cs_client */;

--
-- Dumping data for table `stock_product`
--

LOCK TABLES `stock_product` WRITE;
/*!40000 ALTER TABLE `stock_product` DISABLE KEYS */;
INSERT INTO `stock_product` VALUES (25,'អាម៉ាហ្សូន',11,1,'តេស',1,'2025-08-13 13:27:43',5.00,'khmer cup','Ranh'),(28,'Vietnam',200,1,'testing',1,'2025-10-02 06:25:15',10.00,'vietnam cup','Ranh');
/*!40000 ALTER TABLE `stock_product` ENABLE KEYS */;
UNLOCK TABLES;

--
-- Table structure for table `supplier`
--

DROP TABLE IF EXISTS `supplier`;
/*!40101 SET @saved_cs_client     = @@character_set_client */;
/*!50503 SET character_set_client = utf8mb4 */;
CREATE TABLE `supplier` (
  `id` int NOT NULL AUTO_INCREMENT,
  `name` varchar(120) CHARACTER SET utf8mb4 COLLATE utf8mb4_general_ci NOT NULL,
  `phone` varchar(18) CHARACTER SET utf8mb4 COLLATE utf8mb4_general_ci DEFAULT NULL,
  `email` varchar(120) CHARACTER SET utf8mb4 COLLATE utf8mb4_general_ci DEFAULT NULL,
  `supplier_address` text CHARACTER SET utf8mb4 COLLATE utf8mb4_general_ci,
  `description` varchar(120) CHARACTER SET utf8mb4 COLLATE utf8mb4_general_ci DEFAULT NULL,
  `created_at` timestamp NULL DEFAULT CURRENT_TIMESTAMP,
  `create_by` varchar(120) CHARACTER SET utf8mb4 COLLATE utf8mb4_general_ci DEFAULT NULL,
  `status` tinyint(1) DEFAULT '1',
  PRIMARY KEY (`id`)
) ENGINE=InnoDB AUTO_INCREMENT=22 DEFAULT CHARSET=utf8mb4 COLLATE=utf8mb4_general_ci;
/*!40101 SET character_set_client = @saved_cs_client */;

--
-- Dumping data for table `supplier`
--

LOCK TABLES `supplier` WRITE;
/*!40000 ALTER TABLE `supplier` DISABLE KEYS */;
INSERT INTO `supplier` VALUES (1,'ដារ៉ា','0967811911','dara@gmail.com','ភ្នំពេញ','product','2025-05-09 13:46:38',NULL,1),(2,'ណារី','0967811911','borith@gmail.com','Sihanoukville','products origin','2025-05-09 13:49:46',NULL,1);
/*!40000 ALTER TABLE `supplier` ENABLE KEYS */;
UNLOCK TABLES;

--
-- Table structure for table `users`
--

DROP TABLE IF EXISTS `users`;
/*!40101 SET @saved_cs_client     = @@character_set_client */;
/*!50503 SET character_set_client = utf8mb4 */;
CREATE TABLE `users` (
  `id` int NOT NULL AUTO_INCREMENT,
  `role_id` int DEFAULT '2',
  `name` varchar(120) CHARACTER SET utf8mb4 COLLATE utf8mb4_general_ci NOT NULL,
  `username` varchar(120) CHARACTER SET utf8mb4 COLLATE utf8mb4_general_ci NOT NULL,
  `password` varchar(120) CHARACTER SET utf8mb4 COLLATE utf8mb4_general_ci NOT NULL,
  `is_active` tinyint(1) DEFAULT '1',
  `create_by` varchar(120) CHARACTER SET utf8mb4 COLLATE utf8mb4_general_ci DEFAULT NULL,
  `create_at` timestamp NULL DEFAULT CURRENT_TIMESTAMP,
  PRIMARY KEY (`id`),
  KEY `role_id` (`role_id`),
  CONSTRAINT `users_ibfk_1` FOREIGN KEY (`role_id`) REFERENCES `roles` (`id`)
) ENGINE=InnoDB AUTO_INCREMENT=74 DEFAULT CHARSET=utf8mb4 COLLATE=utf8mb4_general_ci;
/*!40101 SET character_set_client = @saved_cs_client */;

--
-- Dumping data for table `users`
--

LOCK TABLES `users` WRITE;
/*!40000 ALTER TABLE `users` DISABLE KEYS */;
INSERT INTO `users` VALUES (1,1,'Ranh','kealranh@gmail.com','$2b$10$lnY.briHC0f8EOEnDFtVw.broUoznxwJibzaFqHiU1q7Wv4z4/Akq',1,'ranh','2024-12-11 15:32:21'),(36,20,'Vireak','vireak@gmail.com','$2b$10$Uzpk0yzIIHhUDve5uKAt4OdXvbppkrb9K1kDleCiYxSe4xgjhxW82',1,'ranh','2025-04-26 18:19:27'),(42,2,'Nana','lina@gmail.com','$2b$10$o7cgWJXBLhQAxrqcy.VdwOmMN1ggImuo2NVHdd9BJHi6JhGO.njx2',1,'vireak','2025-05-04 15:57:42'),(70,20,'dara2','dara2@gmail.com','$2b$10$wikchrNgzSVUdq76o395A.ikIQ6k.I85/7oF7KgAuof4vpveNV51i',1,'Ranh','2025-10-26 09:20:28'),(71,1,'dara','dara@gmail.com','$2b$10$skMv1L3YnxU.g.Poapfi3ussPUBln95lNPfxsgXRnkHGEu9EtIXKK',1,'ranh','2025-10-31 10:04:32'),(72,2,'dara3','dara3@gmail.com','$2b$10$P/qU6PdBSkH5iSa1QmbzN.twIMqhc.ZgH8F3j0r/gzWEJMOKBfnQe',1,'ranh','2025-10-31 10:05:40'),(73,1,'dara4','dara4@gmail.com','$2b$10$blz0Ca0A5QEbfm5FwKnK5uViDp6SV5YxmxeOOhvq6FpdKfmkvzJwG',1,'system','2025-10-31 10:08:44');
/*!40000 ALTER TABLE `users` ENABLE KEYS */;
UNLOCK TABLES;

--
-- Dumping routines for database 'mycoffee'
--
/*!40103 SET TIME_ZONE=@OLD_TIME_ZONE */;

/*!40101 SET SQL_MODE=@OLD_SQL_MODE */;
/*!40014 SET FOREIGN_KEY_CHECKS=@OLD_FOREIGN_KEY_CHECKS */;
/*!40014 SET UNIQUE_CHECKS=@OLD_UNIQUE_CHECKS */;
/*!40101 SET CHARACTER_SET_CLIENT=@OLD_CHARACTER_SET_CLIENT */;
/*!40101 SET CHARACTER_SET_RESULTS=@OLD_CHARACTER_SET_RESULTS */;
/*!40101 SET COLLATION_CONNECTION=@OLD_COLLATION_CONNECTION */;
/*!40111 SET SQL_NOTES=@OLD_SQL_NOTES */;

-- Dump completed on 2025-10-31 20:37:17
